sample_size,seed,perspective,scenario,is_reference,decision_eligible,mean_net_benefit_eur,median_net_benefit_eur,p10_net_benefit_eur,p90_net_benefit_eur,probability_positive,probability_nonnegative,worst_decile_mean_eur,mean_regret_eur,p95_regret_eur,best_option_share,mean_pv_replacement_cost_eur,mean_replacement_count,preference_utility_probability_positive,preference_utility_worst_decile_mean_eur,preference_utility_median_net_benefit_eur,preference_based_score,conditional_preference_rank,pareto_on_core_metrics,positive_frequency_wilson95_low,positive_frequency_wilson95_high,comparison_sample_size,is_largest_sample_reference,abs_difference_vs_largest_mean_net_benefit_eur,abs_difference_vs_largest_probability_positive,abs_difference_vs_largest_p10_net_benefit_eur,abs_difference_vs_largest_worst_decile_mean_eur,abs_difference_vs_largest_p95_regret_eur,within_diagnostic_tolerances,metrics_evaluated
1000,42,owner,Deep renovation + PV,False,True,-1993263.8349251305,-1944461.7902910095,-2462452.354577941,-1578707.540963565,0.0,0.0,-2666549.365473896,1993263.8349251305,2603072.216888458,0.0,725910.8538424349,5.387,0.0,0.0,0.0,0.0,3,False,2.168404344971009e-19,0.0038267584855551234,25000,False,13556.783408318646,0.0,6278.454048848245,7039.546048738528,783.4879560647532,False,5
1000,42,owner,Envelope + heat pump,False,True,-839371.3079553948,-813827.908546706,-1057365.8165367562,-654171.8337281782,0.0,0.0,-1160246.28945064,839371.3079553948,1128851.178455632,0.0,338855.05256770895,2.557,0.0,0.0,0.0,0.0,3,False,2.168404344971009e-19,0.0038267584855551234,25000,False,5371.175547832041,0.0,10165.004626362585,14218.668296545744,9536.274273882387,True,5
1000,42,owner,Envelope retrofit,False,True,-344457.01598570595,-334621.3507825283,-448848.52984031726,-250817.37330649587,0.0,0.0,-495557.9166074514,344457.01598570595,482926.4471810505,0.0,84066.74849716948,1.516,0.0,0.3392561111900648,0.16537864921747172,0.1766221661426378,2,False,2.168404344971009e-19,0.0038267584855551234,25000,False,2655.472579626774,0.0,3077.2108132689027,7246.461004490615,5625.228966497234,True,5
1000,42,owner,Reference: no additional intervention,True,True,0.0,0.0,0.0,0.0,0.0,1.0,0.0,0.0,0.0,1.0,0.0,0.0,0.0,1.0,0.5,0.5249999999999999,1,True,2.168404344971009e-19,0.0038267584855551234,25000,False,0.0,0.0,0.0,0.0,0.0,True,5
1000,42,tenant,Deep renovation + PV,False,True,1327714.5144907497,1260806.4352565098,782242.8674700997,2001923.3086379024,1.0,1.0,651889.324524572,0.0,0.0,1.0,725910.8538424349,5.387,1.0,1.0,1.0,0.9999999999999999,1,True,0.996173241514445,1.0,25000,False,5871.859462439781,0.0,12856.094752904144,6382.5075981140835,0.0,True,5
1000,42,tenant,Envelope + heat pump,False,True,750432.9573555795,711558.0923853322,435424.8247930065,1140440.1699422675,1.0,1.0,359055.3450177744,577281.5571351702,960815.5358726067,0.0,338855.05256770895,2.557,1.0,1.0,1.0,0.9999999999999999,1,False,0.996173241514445,1.0,25000,False,3455.8138714126544,0.0,8271.142976887175,3616.903006883047,17096.01864964317,True,5
1000,42,tenant,Envelope retrofit,False,True,374294.4461282558,355695.2390740707,221557.26333536065,563181.3049241834,1.0,1.0,184976.7312824638,953420.068362494,1612698.4440144931,0.0,84066.74849716948,1.516,1.0,1.0,0.8556952390740707,0.9494933336759246,3,False,0.996173241514445,1.0,25000,False,1637.6515677802963,0.0,3648.8857477512793,1795.035906471836,25853.0368127916,True,5
1000,42,tenant,Reference: no additional intervention,True,True,0.0,0.0,0.0,0.0,0.0,1.0,0.0,1327714.5144907497,2243407.626540644,0.0,0.0,0.0,0.0,1.0,0.5,0.5249999999999999,4,False,2.168404344971009e-19,0.0038267584855551234,25000,False,0.0,0.0,0.0,0.0,35749.64798104111,False,5
1000,42,combined_private,Deep renovation + PV,False,True,-665549.320434381,-703914.1348879221,-1374339.1217955481,102429.04952985488,0.12,0.12,-1632761.07360046,769410.4727567157,1588757.2113732735,0.016,725910.8538424349,5.387,0.12,0.0,0.0,0.036,4,False,0.10129926060130913,0.14160907584771276,25000,False,7684.923945878516,0.0012800000000000034,1041.7513304620516,19139.19915769645,29750.2034654764,True,5
1000,42,combined_private,Envelope + heat pump,False,True,-88938.35059981552,-111852.45417165551,-481718.59391583863,337888.4778940423,0.363,0.363,-601818.3109019086,192799.5029221503,574441.1071198035,0.198,338855.05256770895,2.557,0.363,0.19757558546412193,0.3881475458283445,0.3139030959523632,3,False,0.3337729626449257,0.39327556918011636,25000,False,1915.361676419183,0.014639999999999986,13221.044016946806,12698.691308711539,11049.35996614478,False,5
1000,42,combined_private,Envelope retrofit,False,True,29837.430142549754,19326.446467201313,-158492.96397763395,238129.72455562034,0.557,0.557,-219937.29942545126,74023.72217978502,247145.29080688002,0.343,84066.74849716948,1.516,0.557,0.7067502674327316,0.5193264464672014,0.5962268498649765,1,True,0.5260523439907523,0.5875114055418946,25000,False,1017.8210118464303,0.022840000000000082,127.51944238026044,6077.223627854983,851.7227276210615,False,5
1000,42,combined_private,Reference: no additional intervention,True,True,0.0,0.0,0.0,0.0,0.0,1.0,0.0,103861.15232233479,474135.52517831797,0.443,0.0,0.0,0.0,1.0,0.5,0.5249999999999999,2,True,2.168404344971009e-19,0.0038267584855551234,25000,False,0.0,0.0,0.0,0.0,17426.246521027293,True,5
2500,42,owner,Deep renovation + PV,False,True,-1994456.219887252,-1965575.1856552153,-2441600.915994149,-1585662.0843721302,0.0,0.0,-2639998.3399280272,1994456.219887252,2573109.068577939,0.0,722773.9582011772,5.368,0.0,0.0,0.0,0.0,3,False,0.0,0.001534226061782461,25000,False,12364.398446197156,0.0,14572.984534943476,19511.47949713003,30746.636266583577,False,5
2500,42,owner,Envelope + heat pump,False,True,-838688.5715015079,-824544.4802679933,-1044080.9335721324,-653740.8225661884,0.0,0.0,-1140259.5361767968,838688.5715015079,1112196.6315599908,0.0,335845.9043100801,2.532,0.0,0.0,0.0,0.0,3,False,0.0,0.001534226061782461,25000,False,6053.912001719,0.0,3119.8783382612746,5768.084977297578,7118.272621758748,True,5
2500,42,owner,Envelope retrofit,False,True,-344561.3036655986,-337248.0056057098,-443777.7944055829,-252625.41818949897,0.0,0.0,-487462.4960830841,344561.3036655986,474710.07251972903,0.0,83019.21845759673,1.4996,0.0,0.35005000522255453,0.1627519943942902,0.17948069986589565,2,False,0.0,0.001534226061782461,25000,False,2551.1848997341003,0.0,1993.5246214654762,848.959519876691,2591.1456948242267,True,5
2500,42,owner,Reference: no additional intervention,True,True,0.0,0.0,0.0,0.0,0.0,1.0,0.0,0.0,0.0,1.0,0.0,0.0,0.0,1.0,0.5,0.5249999999999999,1,True,0.0,0.001534226061782461,25000,False,0.0,0.0,0.0,0.0,0.0,True,5
2500,42,tenant,Deep renovation + PV,False,True,1322960.764196044,1244974.892052378,763430.1541309908,1986596.6022434842,1.0,1.0,641822.3210642458,0.0,0.0,1.0,722773.9582011772,5.368,1.0,1.0,1.0,0.9999999999999999,1,True,0.9984657739382173,0.9999999999999999,25000,False,10625.609757145401,0.0,5956.618586204713,3684.4958622121485,0.0,False,5
2500,42,tenant,Envelope + heat pump,False,True,747696.9735028967,701539.4714481188,423439.3359328615,1132909.7827287219,1.0,1.0,353085.9943660991,575263.7906931472,969579.28788289,0.0,335845.9043100801,2.532,1.0,1.0,1.0,0.9999999999999999,1,False,0.9984657739382173,0.9999999999999999,25000,False,6191.797724095406,0.0,3714.3458832578617,2352.447644792206,8332.266639359877,True,5
2500,42,tenant,Envelope retrofit,False,True,372960.66168209346,351008.50393933675,216055.89120790717,558946.3537819142,1.0,1.0,182178.76773656337,950000.1025139508,1627271.964056138,0.0,83019.21845759673,1.4996,1.0,1.0,0.8510085039393368,0.9478529763787678,3,False,0.9984657739382173,0.9999999999999999,25000,False,2971.4360139426426,0.0,1852.4863797021972,1002.9276394285844,11279.516771146795,True,5
2500,42,tenant,Reference: no additional intervention,True,True,0.0,0.0,0.0,0.0,0.0,1.0,0.0,1322960.764196044,2263481.4099879856,0.0,0.0,0.0,0.0,1.0,0.5,0.5249999999999999,4,False,0.0,0.001534226061782461,25000,False,0.0,0.0,0.0,0.0,15675.864533699583,True,5
2500,42,combined_private,Deep renovation + PV,False,True,-671495.4556912082,-719387.1823678378,-1365534.8081012948,80791.33549561095,0.12,0.12,-1604329.179100136,777002.6822652143,1570066.9686152076,0.0208,722773.9582011772,5.368,0.12,0.0,0.0,0.036,4,False,0.10784117840473456,0.1333248334022201,25000,False,1738.788689051289,0.0012800000000000034,7762.5623637912795,9292.695342627587,11059.960707410472,True,5
2500,42,combined_private,Envelope + heat pump,False,True,-90991.59799861108,-126168.47278102319,-467529.13440196717,322716.16116608225,0.3476,0.3476,-586655.2493098044,196498.82457261704,566925.2213009625,0.1928,335845.9043100801,2.532,0.3476,0.2177930009202608,0.37383152721897683,0.3113485848487332,3,False,0.3291796578265031,0.36648797427712826,25000,False,137.8857223763771,0.0007599999999999829,968.4154969246592,2464.3702833926072,3533.4741473037284,True,5
2500,42,combined_private,Envelope retrofit,False,True,28399.358016494847,14994.861328945208,-159233.05190294766,236360.82130975398,0.5436,0.5436,-214796.1803627409,77107.86855751112,249114.7561434879,0.33,83019.21845759673,1.4996,0.5436,0.7136050928496789,0.5149948613289452,0.5930899839625183,1,True,0.5240229952979728,0.5630432201894396,25000,False,420.2511142084768,0.009440000000000004,612.5684829334496,936.1045651446329,1117.742608986824,True,5
2500,42,combined_private,Reference: no additional intervention,True,True,0.0,0.0,0.0,0.0,0.0,1.0,0.0,105507.22657400597,488105.1107996591,0.4564,0.0,0.0,0.0,1.0,0.5,0.5249999999999999,2,True,0.0,0.001534226061782461,25000,False,0.0,0.0,0.0,0.0,3456.6608996861614,True,5
5000,42,owner,Deep renovation + PV,False,True,-1999800.2918507294,-1971579.1310478179,-2445676.112462183,-1585132.5784607125,0.0,0.0,-2645394.1368707526,1999800.2918507294,2585546.1099898596,0.0,724338.1018046426,5.3672,0.0,0.0,0.0,0.0,3,False,0.0,0.0007677019450571244,25000,False,7020.326482719742,0.0,10497.788066909648,14115.682554404717,18309.594854663126,True,5
5000,42,owner,Envelope + heat pump,False,True,-841530.091876357,-828136.640409352,-1043754.4445413268,-656656.1815484014,0.0,0.0,-1140474.090447308,841530.091876357,1113592.9686019723,0.0,337013.51252631785,2.5356,0.0,0.0,0.0,0.0,3,False,0.0,0.0007677019450571244,25000,False,3212.3916268699104,0.0,3446.3673690668074,5553.530706786318,5721.93557977723,True,5
5000,42,owner,Envelope retrofit,False,True,-345495.1796441574,-338911.52808254416,-443381.59415034344,-253776.00349000198,0.0,0.0,-487359.21533905895,345495.1796441574,475734.71943302074,0.0,83120.54392604872,1.5006,0.0,0.3501877128812547,0.16108847191745584,0.17894666467954867,2,False,0.0,0.0007677019450571244,25000,False,1617.3089211753104,0.0,2389.724876704917,952.2402639018255,1566.4987815325148,True,5
5000,42,owner,Reference: no additional intervention,True,True,0.0,0.0,0.0,0.0,0.0,1.0,0.0,0.0,0.0,1.0,0.0,0.0,0.0,1.0,0.5,0.5249999999999999,1,True,0.0,0.0007677019450571244,25000,False,0.0,0.0,0.0,0.0,0.0,True,5
5000,42,tenant,Deep renovation + PV,False,True,1335032.1593046738,1253804.2213732009,768413.4975650648,2021404.1641881263,1.0,1.0,646951.8788703129,0.0,0.0,1.0,724338.1018046426,5.3672,1.0,1.0,1.0,0.9999999999999999,1,True,0.9992322980549431,1.0,25000,False,1445.7853514843155,0.0,973.2751521307509,1445.0619438550202,0.0,True,5
5000,42,tenant,Envelope + heat pump,False,True,754710.739450556,709000.1887546391,426103.92398184096,1150656.02536881,1.0,1.0,356194.19990731357,580321.4198541178,988207.094103114,0.0,337013.51252631785,2.5356,1.0,1.0,1.0,0.9999999999999999,1,False,0.9992322980549431,1.0,25000,False,821.9682235638611,0.0,1049.7578342783963,755.7578964222339,10295.539580864133,True,5
5000,42,tenant,Envelope retrofit,False,True,376339.0578886835,353546.6605768832,217682.46018413777,568478.6599977612,1.0,1.0,183597.57592564245,958693.1014159903,1656051.2417207423,0.0,83120.54392604872,1.5006,1.0,1.0,0.8535466605768832,0.9487413312019091,3,False,0.9992322980549431,1.0,25000,False,406.96019264741335,0.0,225.91740347159794,415.8805496504938,17499.76089345757,True,5
5000,42,tenant,Reference: no additional intervention,True,True,0.0,0.0,0.0,0.0,0.0,1.0,0.0,1335032.1593046738,2303828.350383799,0.0,0.0,0.0,0.0,1.0,0.5,0.5249999999999999,4,False,0.0,0.0007677019450571244,25000,False,0.0,0.0,0.0,0.0,24671.075862113852,True,5
5000,42,combined_private,Deep renovation + PV,False,True,-664768.1325460555,-713161.3041514673,-1361792.680696964,96876.40160122674,0.1238,0.1238,-1606833.1494182663,773203.533308247,1553012.2714057567,0.0242,724338.1018046426,5.3672,0.1238,0.0,0.0,0.03714,4,False,0.11495870684852674,0.13321891209493422,25000,False,8466.111834204057,0.0025199999999999945,11504.689768122043,6788.725024497369,5994.73650204041,True,5
5000,42,combined_private,Envelope + heat pump,False,True,-86819.35242580104,-120941.04287054499,-463478.01185314247,331610.62073871645,0.3512,0.3512,-584602.7636363616,195254.75318799246,558477.8810177237,0.1942,337013.51252631785,2.5356,0.3512,0.22052964848485124,0.379058957129455,0.31521601196500715,3,False,0.3380877262288408,0.36454074187000834,25000,False,4034.359850433655,0.002840000000000009,5019.538045749359,4516.855956835439,4913.866135935066,True,5
5000,42,combined_private,Envelope retrofit,False,True,30843.878244526033,16050.140253381345,-155273.3256726863,238308.36973003566,0.5452,0.5452,-213051.65463282316,77591.52251766539,250800.47267367807,0.3268,83120.54392604872,1.5006,0.5452,0.7159311271562357,0.5160501402533814,0.5947534435933659,1,True,0.5313682623429132,0.5589623374012536,25000,False,2024.2691138227092,0.01104000000000005,3347.157747327903,808.4211647731136,2803.4591391769936,False,5
5000,42,combined_private,Reference: no additional intervention,True,True,0.0,0.0,0.0,0.0,0.0,1.0,0.0,108435.40076219144,496769.46510417544,0.4548,0.0,0.0,0.0,1.0,0.5,0.5249999999999999,2,True,0.0,0.0007677019450571244,25000,False,0.0,0.0,0.0,0.0,5207.693404830177,True,5
10000,42,owner,Deep renovation + PV,False,True,-2005551.6281109978,-1977694.497144491,-2452868.533126153,-1588412.4624940269,0.0,0.0,-2657199.5338583374,2005551.6281109978,2598227.024798075,0.0,724642.1028272365,5.3598,0.0,0.0,0.0,0.0,3,False,0.0,0.00038399837067659573,25000,False,1268.990222451277,0.0,3305.3674029395916,2310.2855668198317,5628.680046447553,True,5
10000,42,owner,Envelope + heat pump,False,True,-844121.2068440233,-831823.3637483187,-1044867.9380349866,-657764.3892261414,0.0,0.0,-1144422.5514166884,844121.2068440233,1116204.9033054353,0.0,337096.01554012054,2.5297,0.0,0.0,0.0,0.0,3,False,0.0,0.00038399837067659573,25000,False,621.2766592035769,0.0,2332.8738754070364,1605.0697374059819,3110.0008763142396,True,5
10000,42,owner,Envelope retrofit,False,True,-346766.2201556489,-340947.38479482185,-444386.74257088784,-254748.1658447574,0.0,0.0,-487753.51456326066,346766.2201556489,476108.53531143843,0.0,83146.21908708526,1.4968,0.0,0.3496619805823191,0.15905261520517816,0.17805010852562403,2,False,0.0,0.00038399837067659573,25000,False,346.26840968383476,0.0,1384.5764561605174,557.9410397001193,1192.6829031148227,True,5
10000,42,owner,Reference: no additional intervention,True,True,0.0,0.0,0.0,0.0,0.0,1.0,0.0,0.0,0.0,1.0,0.0,0.0,0.0,1.0,0.5,0.5249999999999999,1,True,0.0,0.00038399837067659573,25000,False,0.0,0.0,0.0,0.0,0.0,True,5
10000,42,tenant,Deep renovation + PV,False,True,1335811.255146869,1251645.312550296,769559.5524021426,2019502.9449025835,1.0,1.0,647902.8142272215,0.0,0.0,1.0,724642.1028272365,5.3598,1.0,1.0,1.0,0.9999999999999999,1,True,0.9996160016293234,1.0,25000,False,2224.8811936795246,0.0,172.7796849469887,2395.9973007636145,0.0,True,5
10000,42,tenant,Envelope + heat pump,False,True,755174.4368684479,707142.87982988,427033.3582867044,1150656.02536881,1.0,1.0,356811.6653906729,580636.8182784211,986910.1126687921,0.0,337096.01554012054,2.5297,1.0,1.0,1.0,0.9999999999999999,1,False,0.9996160016293234,1.0,25000,False,1285.6656414557947,0.0,120.32352941494901,1373.2233797815861,8998.558146542287,True,5
10000,42,tenant,Envelope retrofit,False,True,376555.6793271538,353046.66275544686,218165.42178024014,568131.9398278027,1.0,1.0,183853.52520113302,959255.5758197152,1652869.5711141408,0.0,83146.21908708526,1.4968,1.0,1.0,0.8530466627554468,0.9485663319644062,3,False,0.9996160016293234,1.0,25000,False,623.581631117675,0.0,257.0441926307685,671.8298251410597,14318.090286856052,True,5
10000,42,tenant,Reference: no additional intervention,True,True,0.0,0.0,0.0,0.0,0.0,1.0,0.0,1335811.255146869,2299255.6804198027,0.0,0.0,0.0,0.0,1.0,0.5,0.5249999999999999,4,False,0.0,0.00038399837067659573,25000,False,0.0,0.0,0.0,0.0,20098.40589811746,True,5
10000,42,combined_private,Deep renovation + PV,False,True,-669740.3729641287,-714995.6151404199,-1369258.7132507644,89920.13385215362,0.1223,0.1223,-1606502.8923527608,777508.2597499986,1548014.1997309176,0.0246,724642.1028272365,5.3598,0.1223,0.0,0.0,0.03669,4,False,0.11602316252975467,0.12886690983945442,25000,False,3493.8714161308017,0.001020000000000007,4038.6572143216617,7118.982090002857,10992.808176879538,True,5
10000,42,combined_private,Envelope + heat pump,False,True,-88946.76997557547,-122637.00850192136,-465098.41350366094,332155.8815048007,0.3499,0.3499,-584287.6285101157,196714.6567614454,557598.6750655938,0.1908,337096.01554012054,2.5297,0.3499,0.2209498286531791,0.3773629914980786,0.31437948705294017,3,False,0.34061143958624557,0.35930383672463145,25000,False,1906.942300659226,0.0015399999999999858,3399.1363952308893,4831.991083081346,5793.072088064975,True,5
10000,42,combined_private,Envelope retrofit,False,True,29789.459171504855,13331.816540531363,-157665.00630915855,239068.84698854818,0.5381,0.5381,-212595.25138827093,77978.42761436508,248150.35497338095,0.3227,83146.21908708526,1.4968,0.5381,0.7165396648156388,0.5133318165405314,0.5918850184746596,1,True,0.5283159075048712,0.5478548318192832,25000,False,969.8500408015316,0.003940000000000055,955.4771108556597,1264.8244093253452,153.3414388798701,True,5
10000,42,combined_private,Reference: no additional intervention,True,True,0.0,0.0,0.0,0.0,0.0,1.0,0.0,107767.88678586994,492776.1550012476,0.4619,0.0,0.0,0.0,1.0,0.5,0.5249999999999999,2,True,0.0,0.00038399837067659573,25000,False,0.0,0.0,0.0,0.0,1214.3833019023295,True,5
25000,42,owner,Deep renovation + PV,False,True,-2006820.6183334491,-1982901.3248956986,-2456173.9005290926,-1589233.361570109,0.0,0.0,-2659509.8194251573,2006820.6183334491,2603855.7048445228,0.0,725411.4321093595,5.36604,0.0,0.0,0.0,0.0,3,False,0.0,0.00015363474556582426,25000,True,0.0,0.0,0.0,0.0,0.0,,5
25000,42,owner,Envelope + heat pump,False,True,-844742.4835032269,-833240.548723258,-1047200.8119103936,-656574.4025233783,0.0,0.0,-1146027.6211540943,844742.4835032269,1119314.9041817496,0.0,337451.7903050777,2.5326,0.0,0.0,0.0,0.0,3,False,0.0,0.00015363474556582426,25000,True,0.0,0.0,0.0,0.0,0.0,,5
25000,42,owner,Envelope retrofit,False,True,-347112.4885653327,-342166.91779988795,-445771.31902704836,-254084.41492792807,0.0,0.0,-488311.4556029608,347112.4885653327,477301.21821455326,0.0,83359.88839841008,1.49896,0.0,0.3489180591960523,0.15783308220011205,0.17736289948865752,2,False,0.0,0.00015363474556582426,25000,True,0.0,0.0,0.0,0.0,0.0,,5
25000,42,owner,Reference: no additional intervention,True,True,0.0,0.0,0.0,0.0,0.0,1.0,0.0,0.0,0.0,1.0,0.0,0.0,0.0,1.0,0.5,0.5249999999999999,1,True,0.0,0.00015363474556582426,25000,True,0.0,0.0,0.0,0.0,0.0,,5
25000,42,tenant,Deep renovation + PV,False,True,1333586.3739531895,1255481.471362419,769386.7727171956,2008917.375552403,1.0,1.0,645506.8169264579,0.0,0.0,1.0,725411.4321093595,5.36604,1.0,1.0,1.0,0.9999999999999999,1,True,0.9998463652544344,1.0,25000,True,0.0,0.0,0.0,0.0,0.0,,5
25000,42,tenant,Envelope + heat pump,False,True,753888.7712269921,708736.1776032909,427153.68181611935,1144586.4574304505,1.0,1.0,355438.44201089133,579697.6027261973,977911.5545222498,0.0,337451.7903050777,2.5326,1.0,1.0,1.0,0.9999999999999999,1,False,0.9998463652544344,1.0,25000,True,0.0,0.0,0.0,0.0,0.0,,5
25000,42,tenant,Envelope retrofit,False,True,375932.0976960361,353945.2337923519,217908.37758760937,565098.6342835183,1.0,1.0,183181.69537599196,957654.2762571535,1638551.4808272847,0.0,83359.88839841008,1.49896,1.0,1.0,0.8539452337923519,0.948880831827323,3,False,0.9998463652544344,1.0,25000,True,0.0,0.0,0.0,0.0,0.0,,5
25000,42,tenant,Reference: no additional intervention,True,True,0.0,0.0,0.0,0.0,0.0,1.0,0.0,1333586.3739531895,2279157.274521685,0.0,0.0,0.0,0.0,1.0,0.5,0.5249999999999999,4,False,0.0,0.00015363474556582426,25000,True,0.0,0.0,0.0,0.0,0.0,,5
25000,42,combined_private,Deep renovation + PV,False,True,-673234.2443802595,-717145.5592410447,-1373297.370465086,85282.47101020408,0.12128,0.12128,-1613621.8744427636,779835.1663929711,1559007.0079077971,0.02484,725411.4321093595,5.36604,0.12128,0.0,0.0,0.036384,4,False,0.1172914057405983,0.1253849633610831,25000,True,0.0,0.0,0.0,0.0,0.0,,5
25000,42,combined_private,Envelope + heat pump,False,True,-90853.7122762347,-123927.68295477117,-468497.5498988918,330721.635789368,0.34836,0.34836,-589119.619593197,197454.6342889462,563391.7471536588,0.19164,337451.7903050777,2.5326,0.34836,0.2145071738757373,0.37607231704522887,0.31121082182233817,3,False,0.3424776688519989,0.3542889254936364,25000,True,0.0,0.0,0.0,0.0,0.0,,5
25000,42,combined_private,Envelope retrofit,False,True,28819.609130703324,11647.963874730554,-158620.4834200142,237837.52744539865,0.53416,0.53416,-213860.07579759628,77781.31288200818,247997.01353450108,0.31768,83359.88839841008,1.49896,0.53416,0.7148532322698716,0.5116479638747305,0.5895234186506106,1,True,0.5279717560672632,0.5403377476069198,25000,True,0.0,0.0,0.0,0.0,0.0,,5
25000,42,combined_private,Reference: no additional intervention,True,True,0.0,0.0,0.0,0.0,0.0,1.0,0.0,106600.92201271148,491561.77169934526,0.46584,0.0,0.0,0.0,1.0,0.5,0.5249999999999999,2,True,0.0,0.00015363474556582426,25000,True,0.0,0.0,0.0,0.0,0.0,,5
1000,104729,owner,Deep renovation + PV,False,True,-2023060.9669069005,-1999417.1425450495,-2473545.5458943695,-1620353.4687262112,0.0,0.0,-2688717.8786697537,2023060.9669069005,2624109.3840517914,0.0,734665.7698252904,5.383,0.0,0.0,0.0,0.0,3,False,2.168404344971009e-19,0.0038267584855551234,25000,False,21250.13128225971,0.0,19928.08119386621,33954.05986103369,23328.78791189054,False,5
1000,104729,owner,Envelope + heat pump,False,True,-849995.4434186743,-836816.9705833852,-1048991.167030994,-668380.0574008112,0.0,0.0,-1156521.4192769928,849995.4434186743,1132708.1092580527,0.0,340143.7735143484,2.537,0.0,0.0,0.0,0.0,3,False,2.168404344971009e-19,0.0038267584855551234,25000,False,7795.139939603512,0.0,2312.08342297317,13386.766907707555,16562.833184723742,True,5
1000,104729,owner,Envelope retrofit,False,True,-350346.6319028331,-346032.2793886253,-446678.29728065757,-259115.733081577,0.0,0.0,-493503.3176571029,350346.6319028331,483543.68793567416,0.0,85257.05255231241,1.509,0.0,0.34199557645719614,0.1539677206113747,0.1735871539739998,2,False,2.168404344971009e-19,0.0038267584855551234,25000,False,4380.185599622084,0.0,653.1876020734198,5578.197448116785,6292.416446990741,True,5
1000,104729,owner,Reference: no additional intervention,True,True,0.0,0.0,0.0,0.0,0.0,1.0,0.0,0.0,0.0,1.0,0.0,0.0,0.0,1.0,0.5,0.5249999999999999,1,True,2.168404344971009e-19,0.0038267584855551234,25000,False,0.0,0.0,0.0,0.0,0.0,True,5
1000,104729,tenant,Deep renovation + PV,False,True,1353157.963427439,1274313.2417772925,788965.769093697,2037251.78834972,1.0,1.0,645278.129722305,0.0,0.0,1.0,734665.7698252904,5.383,1.0,1.0,1.0,0.9999999999999999,1,True,0.996173241514445,1.0,25000,False,20825.811194679933,0.0,20251.861670873826,2941.7377892518416,0.0,False,5
1000,104729,tenant,Envelope + heat pump,False,True,765126.5262324475,718210.2089657825,437286.93045331887,1158928.12634202,1.0,1.0,355061.3215483928,588031.4371949916,973709.2847719099,0.0,340143.7735143484,2.537,1.0,1.0,1.0,0.9999999999999999,1,False,0.996173241514445,1.0,25000,False,11991.978723207372,0.0,10112.15149791236,1466.9569186271983,3337.2678602825617,False,5
1000,104729,tenant,Envelope retrofit,False,True,381426.82234748517,359301.41176080855,223581.82433847446,573498.3326060489,1.0,1.0,183150.3919305318,971731.1410799539,1633533.0810944631,0.0,85257.05255231241,1.509,1.0,1.0,0.8593014117608085,0.9507554941162829,3,False,0.996173241514445,1.0,25000,False,5842.451878988708,0.0,5884.677251874848,856.8137097106082,3761.159119465854,True,5
1000,104729,tenant,Reference: no additional intervention,True,True,0.0,0.0,0.0,0.0,0.0,1.0,0.0,1353157.963427439,2271706.8189390497,0.0,0.0,0.0,0.0,1.0,0.5,0.5249999999999999,4,False,2.168404344971009e-19,0.0038267584855551234,25000,False,0.0,0.0,0.0,0.0,5798.957996175624,True,5
1000,104729,combined_private,Deep renovation + PV,False,True,-669903.0034794614,-721706.2259526856,-1355510.3053256464,68970.11502379853,0.119,0.119,-1607048.6163889726,779668.0908822976,1535391.0226501133,0.026,734665.7698252904,5.383,0.119,0.0,0.0,0.035699999999999996,4,False,0.10037518436701058,0.1405408055989824,25000,False,424.32008757966105,0.005280000000000007,13976.266411786433,4515.945299148792,11009.195084708277,True,5
1000,104729,combined_private,Envelope + heat pump,False,True,-84868.9171862266,-121221.14956011518,-455711.61669542873,334232.51009077503,0.355,0.355,-582871.4636182797,194634.00458906282,550795.9111147264,0.214,340143.7735143484,2.537,0.355,0.22283804850896044,0.3787788504398848,0.3170659146320958,3,False,0.3259484631755532,0.38516129678525773,25000,False,4196.83878360402,0.0040799999999999725,11578.961321280687,5540.894715829287,6478.80132756196,True,5
1000,104729,combined_private,Envelope retrofit,False,True,31080.19044465209,12366.691825523292,-152256.46511600478,244722.85605384753,0.537,0.537,-212102.61007477317,78684.89695818411,250369.68540886353,0.297,85257.05255231241,1.509,0.537,0.7171965199003024,0.5123666918255233,0.591447124104039,1,True,0.5060124890263216,0.5677043308457475,25000,False,1462.266279366675,0.0021999999999999797,3520.6516183294298,302.9512977253471,1408.6834446951689,True,5
1000,104729,combined_private,Reference: no additional intervention,True,True,0.0,0.0,0.0,0.0,0.0,1.0,0.0,109765.0874028362,531107.0499928582,0.463,0.0,0.0,0.0,1.0,0.5,0.5249999999999999,2,True,2.168404344971009e-19,0.0038267584855551234,25000,False,0.0,0.0,0.0,0.0,34786.182779136114,False,5
2500,104729,owner,Deep renovation + PV,False,True,-2007375.5449286576,-1977738.447438248,-2468609.1902897134,-1598557.6458084295,0.0,0.0,-2667198.665065891,2007375.5449286576,2616819.265291284,0.0,728790.1657974524,5.3824,0.0,0.0,0.0,0.0,3,False,0.0,0.001534226061782461,25000,False,5564.709304016782,0.0,14991.725589210168,12434.846257171128,16038.669151382986,True,5
2500,104729,owner,Envelope + heat pump,False,True,-842682.7495096703,-830055.5810900207,-1043063.700603425,-660313.4534390857,0.0,0.0,-1147283.7951981025,842682.7495096703,1126172.9136405734,0.0,337083.0271135463,2.5328,0.0,0.0,0.0,0.0,3,False,0.0,0.001534226061782461,25000,False,482.4460305995308,0.0,3615.383004595875,4149.1428288172465,10027.63756724447,True,5
2500,104729,owner,Envelope retrofit,False,True,-347200.48533478216,-341779.9746754533,-446583.956368026,-256161.82295667543,0.0,0.0,-490093.8628324982,347200.48533478216,482462.8272384421,0.0,84227.72355262893,1.5052,0.0,0.34654151622333573,0.15822002532454668,0.17666653954175884,2,False,0.0,0.001534226061782461,25000,False,1234.0390315711265,0.0,558.8466894418234,2168.7426235121093,5211.555749758671,True,5
2500,104729,owner,Reference: no additional intervention,True,True,0.0,0.0,0.0,0.0,0.0,1.0,0.0,0.0,0.0,1.0,0.0,0.0,0.0,1.0,0.5,0.5249999999999999,1,True,0.0,0.001534226061782461,25000,False,0.0,0.0,0.0,0.0,0.0,True,5
2500,104729,tenant,Deep renovation + PV,False,True,1333173.1938861678,1256805.2656274496,770197.5444050313,1994318.0357528245,1.0,1.0,630408.6217603516,0.0,0.0,1.0,728790.1657974524,5.3824,1.0,1.0,1.0,0.9999999999999999,1,True,0.9984657739382173,0.9999999999999999,25000,False,841.0416534086689,0.0,1483.6369822081178,11927.770172701566,0.0,True,5
2500,104729,tenant,Envelope + heat pump,False,True,753547.9519954026,708595.447185707,425594.0667590105,1136179.8389837262,1.0,1.0,346619.73165137816,579625.2418907653,964313.6825543406,0.0,337083.0271135463,2.5328,1.0,1.0,1.0,0.9999999999999999,1,False,0.9984657739382173,0.9999999999999999,25000,False,413.4044861624716,0.0,1580.7121963960235,6974.632978387468,12732.870077851927,True,5
2500,104729,tenant,Envelope retrofit,False,True,375829.4620892334,354818.5148399129,217979.87278546634,561234.461651965,1.0,1.0,178966.20304527535,957343.7317969343,1609156.4966708228,0.0,84227.72355262893,1.5052,1.0,1.0,0.8548185148399129,0.9491864801939693,3,False,0.9984657739382173,0.9999999999999999,25000,False,245.09162073693005,0.0,282.7256988667359,3327.375175545836,28137.74354310613,True,5
2500,104729,tenant,Reference: no additional intervention,True,True,0.0,0.0,0.0,0.0,0.0,1.0,0.0,1333173.1938861678,2238555.898580609,0.0,0.0,0.0,0.0,1.0,0.5,0.5249999999999999,4,False,0.0,0.001534226061782461,25000,False,0.0,0.0,0.0,0.0,38949.87835461646,False,5
2500,104729,combined_private,Deep renovation + PV,False,True,-674202.3510424896,-724316.2091457995,-1359645.0395301378,90587.96107973647,0.1192,0.1192,-1623617.1677152934,780505.0465663702,1556967.0803784307,0.0252,728790.1657974524,5.3824,0.1192,0.0,0.0,0.03576,4,False,0.10707904500140471,0.1324894215672488,25000,False,4723.66765060788,0.005080000000000001,9841.532207295066,12052.606027171947,10566.862643609056,True,5
2500,104729,combined_private,Envelope + heat pump,False,True,-89134.79751426783,-126013.4269730643,-470023.22093448637,329471.0242392405,0.3528,0.3528,-595063.9818750023,195437.49303814842,561291.7245492182,0.204,337083.0271135463,2.5328,0.3528,0.20658135749999698,0.37398657302693566,0.3090387756844264,3,False,0.3343078212622249,0.3717438548903639,25000,False,69.04154443721927,0.0018799999999999928,2732.642917776946,6651.6235408933135,4017.0121069297893,True,5
2500,104729,combined_private,Envelope retrofit,False,True,28628.97675445125,11602.984853322196,-157167.56297539786,230303.262201642,0.5308,0.5308,-215651.41209504718,77673.71876942932,253951.01356947178,0.3016,84227.72355262893,1.5052,0.5308,0.7124647838732704,0.5116029848533222,0.5876637190543075,1,True,0.5112052825698995,0.5503002091046948,25000,False,988.9474108341637,0.0040000000000000036,1390.446241063648,3245.8507225486683,4990.011605303414,True,5
2500,104729,combined_private,Reference: no additional intervention,True,True,0.0,0.0,0.0,0.0,0.0,1.0,0.0,106302.69552388058,496360.48695220886,0.4692,0.0,0.0,0.0,1.0,0.5,0.5249999999999999,2,True,0.0,0.001534226061782461,25000,False,0.0,0.0,0.0,0.0,39.619738486770075,True,5
5000,104729,owner,Deep renovation + PV,False,True,-1997486.4043797334,-1970535.8261285624,-2456637.706349054,-1580399.6179662053,0.0,0.0,-2654490.4690895802,1997486.4043797334,2606553.784546116,0.0,725658.108308204,5.3664,0.0,0.0,0.0,0.0,3,False,0.0,0.0007677019450571244,25000,False,4324.431244907435,0.0,3020.241648550611,273.3497191397473,5773.188406215049,True,5
5000,104729,owner,Envelope + heat pump,False,True,-839846.1148883603,-825885.6585631954,-1044050.7889793201,-650684.063970625,0.0,0.0,-1141102.3599373756,839846.1148883603,1117365.5775612488,0.0,337372.27824164403,2.5334,0.0,0.0,0.0,0.0,3,False,0.0,0.0007677019450571244,25000,False,2354.188590710517,0.0,2628.2946287008235,2032.292431909591,1220.3014879198745,True,5
5000,104729,owner,Envelope retrofit,False,True,-345183.5349245061,-340074.3995055087,-444230.6062255052,-251563.48616104442,0.0,0.0,-488729.07039781247,345183.5349245061,481257.09570714086,0.0,83795.70295108478,1.501,0.0,0.34836123946958336,0.15992560049449128,0.1779003939874261,2,False,0.0,0.0007677019450571244,25000,False,782.9113787049428,0.0,1794.5034530789708,803.9501888263621,4005.8242184574483,True,5
5000,104729,owner,Reference: no additional intervention,True,True,0.0,0.0,0.0,0.0,0.0,1.0,0.0,0.0,0.0,1.0,0.0,0.0,0.0,1.0,0.5,0.5249999999999999,1,True,0.0,0.0007677019450571244,25000,False,0.0,0.0,0.0,0.0,0.0,True,5
5000,104729,tenant,Deep renovation + PV,False,True,1322960.568634939,1248495.9974544155,766998.5693877109,1976963.3165278519,1.0,1.0,631967.1429900654,0.0,0.0,1.0,725658.108308204,5.3664,1.0,1.0,1.0,0.9999999999999999,1,True,0.9992322980549431,1.0,25000,False,9371.583597820252,0.0,1715.3380351122469,10369.24894298776,0.0,True,5
5000,104729,tenant,Envelope + heat pump,False,True,747652.439045492,704569.6466419441,426116.3612313657,1127249.5375720628,1.0,1.0,347671.4427196009,575308.1295894468,958701.3454187426,0.0,337372.27824164403,2.5334,1.0,1.0,1.0,0.9999999999999999,1,False,0.9992322980549431,1.0,25000,False,5482.108463748125,0.0,1058.4177240408026,5922.921910164703,18345.207213449874,True,5
5000,104729,tenant,Envelope retrofit,False,True,372966.33867104386,352176.98222293664,217323.59714666413,555880.5758369124,1.0,1.0,179382.60223536665,949994.229963895,1604549.578429628,0.0,83795.70295108478,1.501,1.0,1.0,0.8521769822229366,0.9482619437780277,3,False,0.9992322980549431,1.0,25000,False,2618.031797452597,0.0,373.54993993547396,2910.975985454541,32744.661784301046,False,5
5000,104729,tenant,Reference: no additional intervention,True,True,0.0,0.0,0.0,0.0,0.0,1.0,0.0,1322960.568634939,2232380.9347686623,0.0,0.0,0.0,0.0,1.0,0.5,0.5249999999999999,4,False,0.0,0.0007677019450571244,25000,False,0.0,0.0,0.0,0.0,45124.84216656303,False,5
5000,104729,combined_private,Deep renovation + PV,False,True,-674525.8357447945,-721210.0787440494,-1362181.7724877573,85701.93425017326,0.12,0.12,-1616608.3645440906,778141.3178918628,1554701.022290134,0.0236,725658.108308204,5.3664,0.12,0.0,0.0,0.036,4,False,0.11128315138625093,0.1293003020919925,25000,False,5047.152352912701,0.004280000000000006,7304.7992496755905,5043.802855969174,8300.804555312498,True,5
5000,104729,combined_private,Envelope + heat pump,False,True,-92193.67584286818,-121707.60837664157,-466009.25209161063,326666.93975696125,0.3448,0.3448,-592444.6108814385,195809.15798993653,561264.4607627677,0.1914,337372.27824164403,2.5334,0.3448,0.21007385215808203,0.3782923916233584,0.30936818532350413,3,False,0.3317491809450028,0.358089113738743,25000,False,3127.9198730375647,0.006120000000000014,1281.3259250987903,4032.2525473295245,3989.748320479295,True,5
5000,104729,combined_private,Envelope retrofit,False,True,27782.803746537793,12351.460743095071,-153233.69823812015,233185.15746724553,0.5326,0.5326,-213747.60229742643,75832.67840053058,249075.9459171391,0.3176,83795.70295108478,1.501,0.5326,0.7150031969367647,0.5123514607430951,0.5893541301879509,1,True,0.5187507105601376,0.5463992352730446,25000,False,1835.1204187476214,0.0022000000000000908,2543.418496214057,1342.0409249279182,114.9439529707306,True,5
5000,104729,combined_private,Reference: no additional intervention,True,True,0.0,0.0,0.0,0.0,0.0,1.0,0.0,103615.48214706838,489733.87797097844,0.4674,0.0,0.0,0.0,1.0,0.5,0.5249999999999999,2,True,0.0,0.0007677019450571244,25000,False,0.0,0.0,0.0,0.0,6586.9892427436425,True,5
10000,104729,owner,Deep renovation + PV,False,True,-1999791.342808609,-1972074.3987270514,-2455106.391505581,-1584679.7855344862,0.0,0.0,-2656177.1791632646,1999791.342808609,2601856.5844466286,0.0,725301.5667303118,5.3675,0.0,0.0,0.0,0.0,3,False,0.0,0.00038399837067659573,25000,False,2019.4928160319105,0.0,1488.9268050775863,1413.3603545445949,1075.988306727726,True,5
10000,104729,owner,Envelope + heat pump,False,True,-841175.0407291296,-827003.9568254955,-1046346.4330922802,-653356.2443551904,0.0,0.0,-1145464.132429781,841175.0407291296,1119354.1079280989,0.0,337271.1701209893,2.5336,0.0,0.0,0.0,0.0,3,False,0.0,0.00038399837067659573,25000,False,1025.2627499412047,0.0,332.6505157407373,2329.480060495669,3208.83185476996,True,5
10000,104729,owner,Envelope retrofit,False,True,-345531.91092646477,-340587.6480077542,-445625.43020223547,-251537.18560043056,0.0,0.0,-489222.9271483594,345531.91092646477,479466.6201473006,0.0,83454.52690111374,1.5001,0.0,0.34770276380218745,0.15941235199224582,0.17749029052805163,2,False,0.0,0.00038399837067659573,25000,False,434.5353767462657,0.0,399.67947634868324,1297.8069393733167,2215.3486586171784,True,5
10000,104729,owner,Reference: no additional intervention,True,True,0.0,0.0,0.0,0.0,0.0,1.0,0.0,0.0,0.0,1.0,0.0,0.0,0.0,1.0,0.5,0.5249999999999999,1,True,0.0,0.00038399837067659573,25000,False,0.0,0.0,0.0,0.0,0.0,True,5
10000,104729,tenant,Deep renovation + PV,False,True,1326830.5030071128,1250838.1510770633,772472.1448473763,1986888.678849115,1.0,1.0,641562.6174682244,0.0,0.0,1.0,725301.5667303118,5.3675,1.0,1.0,1.0,0.9999999999999999,1,True,0.9996160016293234,1.0,25000,False,5501.649225646397,0.0,3758.237424553139,773.7744648287771,0.0,True,5
10000,104729,tenant,Envelope + heat pump,False,True,749935.4158790472,706032.3253180408,428970.32172722695,1132376.071054148,1.0,1.0,353267.96715014236,576895.0871280655,965299.52460462,0.0,337271.1701209893,2.5336,1.0,1.0,1.0,0.9999999999999999,1,False,0.9996160016293234,1.0,25000,False,3199.13163019286,0.0,1795.5427718204446,326.3974796232651,11747.028027572553,True,5
10000,104729,tenant,Envelope retrofit,False,True,374044.9635342597,352850.3771270852,218749.10458859213,558876.9492664404,1.0,1.0,182060.75726578862,952785.5394728531,1615729.9577779335,0.0,83454.52690111374,1.5001,1.0,1.0,0.8528503771270851,0.9484976319944797,3,False,0.9996160016293234,1.0,25000,False,1539.4069342367584,0.0,1051.957501992525,232.82095503257005,21564.282435995527,True,5
10000,104729,tenant,Reference: no additional intervention,True,True,0.0,0.0,0.0,0.0,0.0,1.0,0.0,1326830.5030071128,2246976.009437045,0.0,0.0,0.0,0.0,1.0,0.5,0.5249999999999999,4,False,0.0,0.00038399837067659573,25000,False,0.0,0.0,0.0,0.0,30529.76749818027,False,5
10000,104729,combined_private,Deep renovation + PV,False,True,-672960.8398014964,-716514.4836957473,-1359800.117748886,85701.93425017326,0.1218,0.1218,-1615403.4986529397,777197.326256704,1549654.839341427,0.0227,725301.5667303118,5.3675,0.1218,0.0,0.0,0.03654,4,False,0.11553465997300078,0.128355796394579,25000,False,3482.156409614603,0.002479999999999996,9686.453988546738,3838.9369648182765,3254.6216066053603,True,5
10000,104729,combined_private,Envelope + heat pump,False,True,-91239.62485008237,-119666.83692206738,-463752.4159450469,326209.2600024247,0.3461,0.3461,-591383.7134989696,195476.11130528996,554496.652596444,0.192,337271.1701209893,2.5336,0.3461,0.2114883820013739,0.38033316307793263,0.3109675407777573,3,False,0.33683665115113454,0.35548154354735967,25000,False,2173.868880251757,0.004819999999999991,3538.1620716625475,2971.355164860608,2778.0598458444,True,5
10000,104729,combined_private,Envelope retrofit,False,True,28513.05260779494,13694.10850304917,-153233.69823812015,232116.1704126804,0.5383,0.5383,-213813.81076030832,75723.43384741264,251162.17668104655,0.3236,83454.52690111374,1.5001,0.5383,0.7149149189862556,0.5136941085030492,0.5915031596212567,1,True,0.5285161308922501,0.5480544548325561,25000,False,1104.8715574904745,0.0034999999999999476,2543.418496214057,1408.249387809803,2201.1747168781876,True,5
10000,104729,combined_private,Reference: no additional intervention,True,True,0.0,0.0,0.0,0.0,0.0,1.0,0.0,104236.4864552076,486771.9966500507,0.4617,0.0,0.0,0.0,1.0,0.5,0.5249999999999999,2,True,0.0,0.00038399837067659573,25000,False,0.0,0.0,0.0,0.0,9548.8705636714,True,5
25000,104729,owner,Deep renovation + PV,False,True,-2001810.8356246408,-1975444.5309749022,-2453617.4647005033,-1581459.3309965197,0.0,0.0,-2654763.81880872,2001810.8356246408,2600780.596139901,0.0,725273.2023938436,5.36588,0.0,0.0,0.0,0.0,3,False,0.0,0.00015363474556582426,25000,True,0.0,0.0,0.0,0.0,0.0,,5
25000,104729,owner,Envelope + heat pump,False,True,-842200.3034790708,-829754.829224298,-1046679.0836080209,-652395.3376586533,0.0,0.0,-1143134.6523692852,842200.3034790708,1116145.276073329,0.0,337283.07654878503,2.5332,0.0,0.0,0.0,0.0,3,False,0.0,0.00015363474556582426,25000,True,0.0,0.0,0.0,0.0,0.0,,5
25000,104729,owner,Envelope retrofit,False,True,-345966.44630321104,-341408.2899594867,-446025.10967858415,-252551.4945957944,0.0,0.0,-487925.1202089861,345966.44630321104,477251.2714886834,0.0,83387.43365668037,1.49944,0.0,0.3494331730546852,0.1585917100405133,0.17780870908331947,2,False,0.0,0.00015363474556582426,25000,True,0.0,0.0,0.0,0.0,0.0,,5
25000,104729,owner,Reference: no additional intervention,True,True,0.0,0.0,0.0,0.0,0.0,1.0,0.0,0.0,0.0,1.0,0.0,0.0,0.0,1.0,0.5,0.5249999999999999,1,True,0.0,0.00015363474556582426,25000,True,0.0,0.0,0.0,0.0,0.0,,5
25000,104729,tenant,Deep renovation + PV,False,True,1332332.1522327592,1253817.1693282,768713.9074228231,2002828.555370838,1.0,1.0,642336.3919330531,0.0,0.0,1.0,725273.2023938436,5.36588,1.0,1.0,1.0,0.9999999999999999,1,True,0.9998463652544344,1.0,25000,True,0.0,0.0,0.0,0.0,0.0,,5
25000,104729,tenant,Envelope + heat pump,False,True,753134.5475092401,707825.9899014106,427174.7789554065,1141755.5383278986,1.0,1.0,353594.3646297656,579197.6047235191,977046.5526321925,0.0,337283.07654878503,2.5332,1.0,1.0,1.0,0.9999999999999999,1,False,0.9998463652544344,1.0,25000,True,0.0,0.0,0.0,0.0,0.0,,5
25000,104729,tenant,Envelope retrofit,False,True,375584.37046849646,353556.01937542745,217697.1470865996,563350.0358919626,1.0,1.0,182293.5782208212,956747.7817642627,1637294.240213929,0.0,83387.43365668037,1.49944,1.0,1.0,0.8535560193754274,0.9487446067813995,3,False,0.9998463652544344,1.0,25000,True,0.0,0.0,0.0,0.0,0.0,,5
25000,104729,tenant,Reference: no additional intervention,True,True,0.0,0.0,0.0,0.0,0.0,1.0,0.0,1332332.1522327592,2277505.7769352254,0.0,0.0,0.0,0.0,1.0,0.5,0.5249999999999999,4,False,0.0,0.00015363474556582426,25000,True,0.0,0.0,0.0,0.0,0.0,,5
25000,104729,combined_private,Deep renovation + PV,False,True,-669478.6833918818,-714921.9859707236,-1369486.5717374329,91827.93123851223,0.12428,0.12428,-1611564.5616881214,776882.3982089885,1546400.2177348216,0.02416,725273.2023938436,5.36588,0.12428,0.0,0.0,0.037284,4,False,0.1202482139071876,0.1284272333860204,25000,True,0.0,0.0,0.0,0.0,0.0,,5
25000,104729,combined_private,Envelope + heat pump,False,True,-89065.75596983061,-122534.46714306119,-467290.5780167094,334406.03233133175,0.35092,0.35092,-588412.358334109,196469.4707869374,557274.7124422884,0.19456,337283.07654878503,2.5332,0.35092,0.21545018888785472,0.3774655328569388,0.3127965026106777,3,False,0.3450272718342892,0.35685853590144884,25000,True,0.0,0.0,0.0,0.0,0.0,,5
25000,104729,combined_private,Envelope retrofit,False,True,29617.924165285414,12780.143691961799,-155777.1167343342,236525.71797106595,0.5348,0.5348,-212405.56137249852,77785.79065182137,248961.00196416836,0.31608,83387.43365668037,1.49944,0.5348,0.7167925848366686,0.5127801436919618,0.5907904549850206,1,True,0.5286122060056884,0.5409771010160203,25000,True,0.0,0.0,0.0,0.0,0.0,,5
25000,104729,combined_private,Reference: no additional intervention,True,True,0.0,0.0,0.0,0.0,0.0,1.0,0.0,107403.71481710678,496320.8672137221,0.4652,0.0,0.0,0.0,1.0,0.5,0.5249999999999999,2,True,0.0,0.00015363474556582426,25000,True,0.0,0.0,0.0,0.0,0.0,,5
1000,271828,owner,Deep renovation + PV,False,True,-2006939.0458402236,-1976173.2560321651,-2498426.3242098754,-1600411.9479921744,0.0,0.0,-2691755.79083477,2006939.0458402236,2623192.2778627705,0.0,727551.5410855206,5.372,0.0,0.0,0.0,0.0,3,False,2.168404344971009e-19,0.0038267584855551234,25000,False,1602.2587552913465,0.0,41136.458384419326,29726.01999682095,15006.557598567568,False,5
1000,271828,owner,Envelope + heat pump,False,True,-844638.6153463044,-832123.2978814152,-1054084.8003653802,-655365.5505814116,0.0,0.0,-1164838.9808404504,844638.6153463044,1129682.9811727034,0.0,338165.5292007997,2.535,0.0,0.0,0.0,0.0,3,False,2.168404344971009e-19,0.0038267584855551234,25000,False,637.2198870856082,0.0,6078.832214632654,16560.502920768922,7894.108409797074,True,5
1000,271828,owner,Envelope retrofit,False,True,-346516.8924669422,-342216.94569964043,-445737.7413924251,-251861.37664780224,0.0,0.0,-489066.67358354956,346516.8924669422,478110.5917863644,0.0,83149.5269415926,1.498,0.0,0.3479111018886006,0.15778305430035958,0.17699295466613604,2,False,2.168404344971009e-19,0.0038267584855551234,25000,False,95.48385399841936,0.0,1135.3302077326807,621.914540632104,207.87490844225977,True,5
1000,271828,owner,Reference: no additional intervention,True,True,0.0,0.0,0.0,0.0,0.0,1.0,0.0,0.0,0.0,1.0,0.0,0.0,0.0,1.0,0.5,0.5249999999999999,1,True,2.168404344971009e-19,0.0038267584855551234,25000,False,0.0,0.0,0.0,0.0,0.0,True,5
1000,271828,tenant,Deep renovation + PV,False,True,1341906.3826848022,1261271.995606721,761356.7383513543,2077800.4584818622,1.0,1.0,642452.0767999742,0.0,0.0,1.0,727551.5410855206,5.372,1.0,1.0,1.0,0.9999999999999999,1,True,0.996173241514445,1.0,25000,False,12653.656494349008,0.0,6420.987011047779,1968.7763145009521,0.0,False,5
1000,271828,tenant,Envelope + heat pump,False,True,758676.7229229591,712691.7440575165,422547.0086571472,1184717.588934452,1.0,1.0,353790.34229554393,583229.6597618429,1005060.0625752431,0.0,338165.5292007997,2.535,1.0,1.0,1.0,0.9999999999999999,1,False,0.996173241514445,1.0,25000,False,7301.0104967925,0.0,3351.832669389434,1226.8757172862533,26607.228628337267,True,5
1000,271828,tenant,Envelope retrofit,False,True,378266.5586400317,355668.62742020714,215765.64631676333,584264.7267833372,1.0,1.0,182301.3263325634,963639.8240447702,1682932.6596648123,0.0,83149.5269415926,1.498,1.0,1.0,0.8556686274202071,0.9494840195970724,3,False,0.996173241514445,1.0,25000,False,3547.9412726021255,0.0,1553.9420484657458,530.2403931125009,43172.466199902585,False,5
1000,271828,tenant,Reference: no additional intervention,True,True,0.0,0.0,0.0,0.0,0.0,1.0,0.0,1341906.3826848022,2341355.8226629035,0.0,0.0,0.0,0.0,1.0,0.5,0.5249999999999999,4,False,2.168404344971009e-19,0.0038267584855551234,25000,False,0.0,0.0,0.0,0.0,60882.057861529756,False,5
1000,271828,combined_private,Deep renovation + PV,False,True,-665032.6631554216,-706620.55291851,-1394881.5597158475,107914.17141454456,0.127,0.127,-1638918.3203235161,777492.2031471796,1568918.130316892,0.026,727551.5410855206,5.372,0.127,0.0,0.0,0.0381,4,False,0.10778000925843848,0.14907475257178568,25000,False,11051.39773905743,0.0032000000000000084,17136.752578788903,17430.766207035165,2670.6745473700576,False,5
1000,271828,combined_private,Envelope + heat pump,False,True,-85961.8924233453,-122240.38027834182,-471178.41756679135,349743.42674912495,0.361,0.361,-598460.0011054304,198421.43241510313,561785.1120525271,0.206,338165.5292007997,2.535,0.361,0.20205333185942612,0.37775961972165817,0.3112345330533795,3,False,0.3318160018268193,0.391247837032165,25000,False,6663.790609706644,0.018799999999999983,3164.1162786077475,5331.352803596645,5406.94919491827,False,5
1000,271828,combined_private,Envelope retrofit,False,True,31749.666173089652,18987.012415186862,-161116.28996838772,241951.86184083822,0.544,0.544,-217180.01637983948,80709.87381866819,260296.10398028756,0.312,83149.5269415926,1.498,0.544,0.7104266448268807,0.5189870124151869,0.5934947800347237,1,True,0.5130207581807846,0.5746424870724867,25000,False,3452.4574186039026,0.011120000000000019,2012.2660844329512,1853.7243150855647,10523.487285663141,False,5
1000,271828,combined_private,Reference: no additional intervention,True,True,0.0,0.0,0.0,0.0,0.0,1.0,0.0,112459.53999175786,505260.43260631507,0.456,0.0,0.0,0.0,1.0,0.5,0.5249999999999999,2,True,2.168404344971009e-19,0.0038267584855551234,25000,False,0.0,0.0,0.0,0.0,11274.64821928105,True,5
2500,271828,owner,Deep renovation + PV,False,True,-2014498.0564879647,-1985450.3560821416,-2483265.5773729263,-1605246.1435079228,0.0,0.0,-2680350.242065906,2014498.0564879647,2614335.7314890204,0.0,728519.2288473345,5.376,0.0,0.0,0.0,0.0,3,False,0.0,0.001534226061782461,25000,False,9161.269403032493,0.0,25975.711547470186,18320.471227956936,6150.011224817485,False,5
2500,271828,owner,Envelope + heat pump,False,True,-847819.0151978725,-833971.4998248145,-1054495.579829358,-662599.752102219,0.0,0.0,-1156941.2477095101,847819.0151978725,1128926.6307224531,0.0,338583.2986727587,2.5412,0.0,0.0,0.0,0.0,3,False,0.0,0.001534226061782461,25000,False,3817.619738653768,0.0,6489.611678610439,8662.769789828686,7137.757959546754,True,5
2500,271828,owner,Envelope retrofit,False,True,-348589.6956141223,-342651.0515907183,-449809.25710624637,-257540.97843336055,0.0,0.0,-490133.0617088425,348589.6956141223,478882.06523086876,0.0,83847.03629853342,1.5064,0.0,0.34648925105487666,0.15734894840928168,0.1763433698124554,2,False,0.0,0.001534226061782461,25000,False,2168.2870011785417,0.0,2936.185506088601,1688.3026659250609,563.5985360621125,True,5
2500,271828,owner,Reference: no additional intervention,True,True,0.0,0.0,0.0,0.0,0.0,1.0,0.0,0.0,0.0,1.0,0.0,0.0,0.0,1.0,0.5,0.5249999999999999,1,True,0.0,0.001534226061782461,25000,False,0.0,0.0,0.0,0.0,0.0,True,5
2500,271828,tenant,Deep renovation + PV,False,True,1329351.1308179803,1260764.030268268,771397.5326953214,1982069.0239292127,1.0,1.0,658857.4893506975,0.0,0.0,1.0,728519.2288473345,5.376,1.0,1.0,1.0,0.9999999999999999,1,True,0.9984657739382173,0.9999999999999999,25000,False,98.40462752711028,0.0,3619.8073329193285,18374.18886522425,0.0,True,5
2500,271828,tenant,Envelope + heat pump,False,True,751408.3446652523,712505.0211207387,427481.2674816439,1129054.215881027,1.0,1.0,363405.68551467976,577942.7861527281,960331.5061204187,0.0,338583.2986727587,2.5412,1.0,1.0,1.0,0.9999999999999999,1,False,0.9984657739382173,0.9999999999999999,25000,False,32.63223908562213,0.0,1582.4261551072705,10842.218936422083,18121.327826487133,True,5
2500,271828,tenant,Envelope retrofit,False,True,374749.3245269928,355323.8997954547,218454.33107799749,557199.2150463174,1.0,1.0,186896.42215867178,954601.8062909875,1610914.2581863597,0.0,83847.03629853342,1.5064,1.0,1.0,0.8553238997954546,0.949363364928409,3,False,0.9984657739382173,0.9999999999999999,25000,False,30.70715956320055,0.0,1134.742712768406,5125.336219220888,28845.935278550023,True,5
2500,271828,tenant,Reference: no additional intervention,True,True,0.0,0.0,0.0,0.0,0.0,1.0,0.0,1329351.1308179803,2240851.16304328,0.0,0.0,0.0,0.0,1.0,0.5,0.5249999999999999,4,False,0.0,0.001534226061782461,25000,False,0.0,0.0,0.0,0.0,39622.60175809357,False,5
2500,271828,combined_private,Deep renovation + PV,False,True,-685146.9256699841,-727177.51909109,-1390149.8634757376,62792.883215188034,0.1136,0.1136,-1635424.7767318818,788453.9652992758,1564334.250996051,0.0228,728519.2288473345,5.376,0.1136,0.0,0.0,0.03408,4,False,0.10174933685079304,0.12663631304975245,25000,False,9062.864775505033,0.010199999999999987,12405.056338679045,13937.222615400795,1913.2047734709922,False,5
2500,271828,combined_private,Envelope + heat pump,False,True,-96410.67053262022,-128330.23035373645,-474916.74695776554,311799.14687799173,0.3484,0.3484,-597237.7803359398,199717.7101619121,565983.657484692,0.1892,338583.2986727587,2.5412,0.3484,0.2036829595520802,0.3716697696462636,0.3058934552194203,3,False,0.3299684473722887,0.3672967299696437,25000,False,3784.9874995682767,0.006199999999999983,574.213112366444,4109.132034106064,1208.4037627533544,True,5
2500,271828,combined_private,Envelope retrofit,False,True,26159.628912870445,12506.070212597528,-161826.27806097225,231596.6019045836,0.5336,0.5336,-217173.39472261653,77147.41071642147,247117.558984915,0.3216,83847.03629853342,1.5064,0.5336,0.7104354737031779,0.5125060702125975,0.5881095403705214,1,True,0.5140080535653323,0.5530888464433158,25000,False,2137.5798416153048,0.0007199999999999429,2722.2541770174867,1847.1026578626188,2655.057709709421,True,5
2500,271828,combined_private,Reference: no additional intervention,True,True,0.0,0.0,0.0,0.0,0.0,1.0,0.0,103307.03962929189,481928.77972873906,0.4664,0.0,0.0,0.0,1.0,0.5,0.5249999999999999,2,True,0.0,0.001534226061782461,25000,False,0.0,0.0,0.0,0.0,12057.004658294958,True,5
5000,271828,owner,Deep renovation + PV,False,True,-2003880.5248492952,-1974140.6584410458,-2464590.593323516,-1588171.2195900378,0.0,0.0,-2663891.7638625684,2003880.5248492952,2603578.0292469063,0.0,723981.048046912,5.3676,0.0,0.0,0.0,0.0,3,False,0.0,0.0007677019450571244,25000,False,1456.2622356370557,0.0,7300.727498060092,1861.9930246192962,4607.691017296631,True,5
5000,271828,owner,Envelope + heat pump,False,True,-843517.8007570966,-828855.8920202482,-1051749.773033758,-656628.7945691108,0.0,0.0,-1148189.864388124,843517.8007570966,1121669.3775997574,0.0,336866.7256858766,2.5356,0.0,0.0,0.0,0.0,3,False,0.0,0.0007677019450571244,25000,False,483.5947021221509,0.0,3743.804883010336,88.61353155737743,119.49516314896755,True,5
5000,271828,owner,Envelope retrofit,False,True,-346651.2444392987,-340643.77159646864,-449014.5086429591,-254730.33120259762,0.0,0.0,-488102.94229548017,346651.2444392987,478499.2845901873,0.0,83221.28901560589,1.5006,0.0,0.3491960769393598,0.15935622840353136,0.17799330687001189,2,False,0.0,0.0007677019450571244,25000,False,229.8358263549162,0.0,2141.43704280135,341.81674743728945,180.81789538066369,True,5
5000,271828,owner,Reference: no additional intervention,True,True,0.0,0.0,0.0,0.0,0.0,1.0,0.0,0.0,0.0,1.0,0.0,0.0,0.0,1.0,0.5,0.5249999999999999,1,True,0.0,0.0007677019450571244,25000,False,0.0,0.0,0.0,0.0,0.0,True,5
5000,271828,tenant,Deep renovation + PV,False,True,1329275.5319709324,1253558.013835792,766375.2034395963,1990963.1471917054,1.0,1.0,643071.5856668451,0.0,0.0,1.0,723981.048046912,5.3676,1.0,1.0,1.0,0.9999999999999999,1,True,0.9992322980549431,1.0,25000,False,22.80578047921881,0.0,1402.5219228056958,2588.2851813718444,0.0,True,5
5000,271828,tenant,Envelope + heat pump,False,True,751402.7228627199,708864.2767748,425239.0726208558,1133773.7679894392,1.0,1.0,354210.25571044564,577872.8091082126,967010.4245166107,0.0,336866.7256858766,2.5356,1.0,1.0,1.0,0.9999999999999999,1,False,0.9992322980549431,1.0,25000,False,27.010436553275213,0.0,659.7687056807918,1646.7891321879579,11442.409430295113,True,5
5000,271828,tenant,Envelope retrofit,False,True,374723.2245235283,353848.7870399524,217163.17038283753,560338.9910313593,1.0,1.0,182475.5403434704,954552.3074474041,1617491.2825073358,0.0,83221.28901560589,1.5006,1.0,1.0,0.8538487870399524,0.9488470754639833,3,False,0.9992322980549431,1.0,25000,False,4.607156098703854,0.0,156.4179823915474,704.4544040195178,22268.910957573913,True,5
5000,271828,tenant,Reference: no additional intervention,True,True,0.0,0.0,0.0,0.0,0.0,1.0,0.0,1329275.5319709324,2250523.6129025174,0.0,0.0,0.0,0.0,1.0,0.5,0.5249999999999999,4,False,0.0,0.0007677019450571244,25000,False,0.0,0.0,0.0,0.0,29950.151898856275,True,5
5000,271828,combined_private,Deep renovation + PV,False,True,-674604.9928783628,-710970.7410563023,-1372597.9285556383,78261.97523319822,0.121,0.121,-1621840.8980891248,779270.5636118161,1561086.5775905047,0.024,723981.048046912,5.3676,0.121,0.0,0.0,0.0363,4,False,0.11225012564994705,0.13033179242440626,25000,False,1479.0680161162745,0.002799999999999997,5146.878581420286,353.34397264383733,5160.878179017222,True,5
5000,271828,combined_private,Envelope + heat pump,False,True,-92115.07789437666,-121024.14458935607,-471874.0241402712,324851.09359803994,0.3488,0.3488,-592172.1526095229,196780.64862783003,560688.9616771494,0.1928,336866.7256858766,2.5356,0.3488,0.21043712985396945,0.37897585541064394,0.3109345448426146,3,False,0.3357104645425475,0.36212168852563786,25000,False,510.6051386752806,0.006599999999999995,2468.5097051279154,956.4956923108548,6503.099570296006,True,5
5000,271828,combined_private,Envelope retrofit,False,True,28071.980084229635,14464.220592915619,-158067.31716054663,235650.65791113084,0.5346,0.5346,-214164.09039518554,76593.59064922374,246031.27701595344,0.3178,83221.28901560589,1.5006,0.5346,0.714447879473086,0.5144642205929156,0.5904992350231005,1,True,0.5207529046080165,0.5483939704173856,25000,False,225.22867025611413,0.0017199999999999438,1036.7067234081333,1162.2016695683706,3741.339678670978,True,5
5000,271828,combined_private,Reference: no additional intervention,True,True,0.0,0.0,0.0,0.0,0.0,1.0,0.0,104665.57073345337,486292.81044263823,0.4654,0.0,0.0,0.0,1.0,0.5,0.5249999999999999,2,True,0.0,0.0007677019450571244,25000,False,0.0,0.0,0.0,0.0,7692.973944395781,True,5
10000,271828,owner,Deep renovation + PV,False,True,-2003431.6723882286,-1976318.2593314403,-2453913.075814422,-1590095.6060650784,0.0,0.0,-2659141.6271036156,2003431.6723882286,2599936.5165761504,0.0,725316.5097879808,5.3694,0.0,0.0,0.0,0.0,3,False,0.0,0.00038399837067659573,25000,False,1905.1146967036184,0.0,3376.7900110338815,2888.143734333571,8249.203688052483,True,5
10000,271828,owner,Envelope + heat pump,False,True,-843433.4573857989,-830765.8450285975,-1046195.2125692999,-656880.0881608651,0.0,0.0,-1148159.857230688,843433.4573857989,1121555.127300509,0.0,337645.16927039577,2.5361,0.0,0.0,0.0,0.0,3,False,0.0,0.00038399837067659573,25000,False,567.9380734198494,0.0,1810.7555814477382,118.62068899348378,233.74546239734627,True,5
10000,271828,owner,Envelope retrofit,False,True,-346249.62512257707,-340965.33632336685,-445797.01749104663,-254205.53927079277,0.0,0.0,-487451.0827841102,346249.62512257707,476739.8844708318,0.0,83249.42610131454,1.4996,0.0,0.3500652229545197,0.15903466367663316,0.1781849603209035,2,False,0.0,0.00038399837067659573,25000,False,171.78349036670988,0.0,1076.0541091111372,993.6762588072452,1578.5822239748668,True,5
10000,271828,owner,Reference: no additional intervention,True,True,0.0,0.0,0.0,0.0,0.0,1.0,0.0,0.0,0.0,1.0,0.0,0.0,0.0,1.0,0.5,0.5249999999999999,1,True,0.0,0.00038399837067659573,25000,False,0.0,0.0,0.0,0.0,0.0,True,5
10000,271828,tenant,Deep renovation + PV,False,True,1329521.4327412006,1254153.58759933,764754.5267437457,1998498.45292272,1.0,1.0,639060.9058043862,0.0,0.0,1.0,725316.5097879808,5.3694,1.0,1.0,1.0,0.9999999999999999,1,True,0.9996160016293234,1.0,25000,False,268.706550747389,0.0,3023.1986186563736,1422.3946810869966,0.0,True,5
10000,271828,tenant,Envelope + heat pump,False,True,751533.1433600856,707698.0532889708,424742.86608187633,1138646.5116475376,1.0,1.0,351811.8273143611,577988.2893811148,979498.2427520385,0.0,337645.16927039577,2.5361,1.0,1.0,1.0,0.9999999999999999,1,False,0.9996160016293234,1.0,25000,False,157.43093391892035,0.0,1155.9752446602797,751.6392638965626,1045.4088051327271,True,5
10000,271828,tenant,Envelope retrofit,False,True,374793.6511842859,353724.41586934484,216642.88808261583,562454.3355965533,1.0,1.0,181363.64755912352,954727.7815569146,1642815.6338907857,0.0,83249.42610131454,1.4996,1.0,1.0,0.8537244158693449,0.9488035455542706,3,False,0.9996160016293234,1.0,25000,False,75.03381685627392,0.0,676.700282613252,407.43838032736676,3055.4404258760624,True,5
10000,271828,tenant,Reference: no additional intervention,True,True,0.0,0.0,0.0,0.0,0.0,1.0,0.0,1329521.4327412006,2284777.1565247625,0.0,0.0,0.0,0.0,1.0,0.5,0.5249999999999999,4,False,0.0,0.00038399837067659573,25000,False,0.0,0.0,0.0,0.0,4303.391723388806,True,5
10000,271828,combined_private,Deep renovation + PV,False,True,-673910.2396470283,-713671.6495310586,-1378538.8665216987,95391.08550444516,0.1259,0.1259,-1628772.9209290103,780549.950097375,1571857.332080635,0.0249,725316.5097879808,5.3694,0.1259,0.0,0.0,0.037770000000000005,4,False,0.1195413967926427,0.13254591078829753,25000,False,2173.8212474507745,0.0021000000000000185,794.0593846400734,7285.366812529275,5609.876311113127,True,5
10000,271828,combined_private,Envelope + heat pump,False,True,-91900.31402571332,-123180.83027790984,-475751.96418211766,336835.32384138356,0.3448,0.3448,-597592.2644005448,198540.02447606006,571378.5126705231,0.1909,337645.16927039577,2.5361,0.3448,0.20321031413260693,0.3768191697220901,0.3064503193491439,3,False,0.33554542668056775,0.35417376641369014,25000,False,725.3690073386242,0.002599999999999991,1409.430336718564,4463.616098711034,4186.451423077728,True,5
10000,271828,combined_private,Envelope retrofit,False,True,28544.026061708784,12669.0562036724,-159438.786307167,240548.26172070066,0.5334,0.5334,-216173.33991148268,78095.68438863795,252073.43386903094,0.3176,83249.42610131454,1.4996,0.5334,0.7117688801180231,0.5126690562036724,0.5885732777125934,1,True,0.5236111126736522,0.5431632362351866,25000,False,246.81730722303473,0.0005199999999999649,334.76242321223253,847.0478467287612,2300.8171744065185,True,5
10000,271828,combined_private,Reference: no additional intervention,True,True,0.0,0.0,0.0,0.0,0.0,1.0,0.0,106639.71045034673,500768.27299009624,0.4666,0.0,0.0,0.0,1.0,0.5,0.5249999999999999,2,True,0.0,0.00038399837067659573,25000,False,0.0,0.0,0.0,0.0,6782.488603062229,True,5
25000,271828,owner,Deep renovation + PV,False,True,-2005336.7870849322,-1977809.3111342387,-2457289.865825456,-1588679.0693319086,0.0,0.0,-2662029.770837949,2005336.7870849322,2608185.720264203,0.0,725801.7158151718,5.36788,0.0,0.0,0.0,0.0,3,False,0.0,0.00015363474556582426,25000,True,0.0,0.0,0.0,0.0,0.0,,5
25000,271828,owner,Envelope + heat pump,False,True,-844001.3954592188,-831049.036705958,-1048005.9681507476,-656228.6360020669,0.0,0.0,-1148278.4779196815,844001.3954592188,1121788.8727629064,0.0,337644.74182999576,2.53268,0.0,0.0,0.0,0.0,3,False,0.0,0.00015363474556582426,25000,True,0.0,0.0,0.0,0.0,0.0,,5
25000,271828,owner,Envelope retrofit,False,True,-346421.4086129438,-341002.4608086739,-446873.07160015777,-253181.9148462146,0.0,0.0,-488444.75904291746,346421.4086129438,478318.46669480664,0.0,83139.38620577584,1.49676,0.0,0.34874032127611004,0.15899753919132611,0.17770825116360264,2,False,0.0,0.00015363474556582426,25000,True,0.0,0.0,0.0,0.0,0.0,,5
25000,271828,owner,Reference: no additional intervention,True,True,0.0,0.0,0.0,0.0,0.0,1.0,0.0,0.0,0.0,1.0,0.0,0.0,0.0,1.0,0.5,0.5249999999999999,1,True,0.0,0.00015363474556582426,25000,True,0.0,0.0,0.0,0.0,0.0,,5
25000,271828,tenant,Deep renovation + PV,False,True,1329252.7261904532,1249314.762624228,767777.725362402,1997487.0508497066,1.0,1.0,640483.3004854732,0.0,0.0,1.0,725801.7158151718,5.36788,1.0,1.0,1.0,0.9999999999999999,1,True,0.9998463652544344,1.0,25000,True,0.0,0.0,0.0,0.0,0.0,,5
25000,271828,tenant,Envelope + heat pump,False,True,751375.7124261666,705379.9919903029,425898.8413265366,1138491.7903450513,1.0,1.0,352563.4665782577,577877.0137642865,978452.8339469058,0.0,337644.74182999576,2.53268,1.0,1.0,1.0,0.9999999999999999,1,False,0.9998463652544344,1.0,25000,True,0.0,0.0,0.0,0.0,0.0,,5
25000,271828,tenant,Envelope retrofit,False,True,374718.6173674296,352316.3722200125,217319.58836522908,562163.3121208047,1.0,1.0,181771.0859394509,954534.1088230235,1639760.1934649097,0.0,83139.38620577584,1.49676,1.0,1.0,0.8523163722200124,0.9483107302770042,3,False,0.9998463652544344,1.0,25000,True,0.0,0.0,0.0,0.0,0.0,,5
25000,271828,tenant,Reference: no additional intervention,True,True,0.0,0.0,0.0,0.0,0.0,1.0,0.0,1329252.7261904532,2280473.7648013737,0.0,0.0,0.0,0.0,1.0,0.5,0.5249999999999999,4,False,0.0,0.00015363474556582426,25000,True,0.0,0.0,0.0,0.0,0.0,,5
25000,271828,combined_private,Deep renovation + PV,False,True,-676084.060894479,-722108.0062715097,-1377744.8071370586,89606.07618920207,0.1238,0.1238,-1621487.554116481,782663.7322477268,1566247.4557695219,0.02468,725801.7158151718,5.36788,0.1238,0.0,0.0,0.03714,4,False,0.11977507179069859,0.12794052299186515,25000,True,0.0,0.0,0.0,0.0,0.0,,5
25000,271828,combined_private,Envelope + heat pump,False,True,-92625.68303305194,-125633.35057786576,-474342.5338453991,335270.6069430163,0.3422,0.3422,-593128.6483018338,199205.35438629953,567192.0612474454,0.18916,337644.74182999576,2.53268,0.3422,0.20916180226422162,0.37436664942213427,0.30689495809022455,3,False,0.3363434579075131,0.34810502921818753,25000,True,0.0,0.0,0.0,0.0,0.0,,5
25000,271828,combined_private,Envelope retrofit,False,True,28297.20875448575,12185.411267553403,-159104.02388395477,238113.76309983284,0.53288,0.53288,-215326.2920647539,78282.46259876185,249772.61669462442,0.31904,83139.38620577584,1.49676,0.53288,0.7128982772469947,0.5121854112675533,0.5886432909800918,1,True,0.5266908868593638,0.5390590101197679,25000,True,0.0,0.0,0.0,0.0,0.0,,5
25000,271828,combined_private,Reference: no additional intervention,True,True,0.0,0.0,0.0,0.0,0.0,1.0,0.0,106579.6713532476,493985.784387034,0.46712,0.0,0.0,0.0,1.0,0.5,0.5249999999999999,2,True,0.0,0.00015363474556582426,25000,True,0.0,0.0,0.0,0.0,0.0,,5
1000,20260726,owner,Deep renovation + PV,False,True,-1993778.1560372051,-1973748.6417657365,-2434159.759262851,-1598692.5795153547,0.0,0.0,-2649322.533589394,1993778.1560372051,2588477.328290872,0.0,720316.6903929916,5.361,0.0,0.0,0.0,0.0,3,False,2.168404344971009e-19,0.0038267584855551234,25000,False,11983.046601235168,0.0,23028.965239600744,12452.602917483076,14537.401261778083,False,5
1000,20260726,owner,Envelope + heat pump,False,True,-840443.457889441,-828366.1575409423,-1034686.9514004964,-662242.8656691512,0.0,0.0,-1148062.1512611206,840443.457889441,1113590.093627063,0.0,336318.26425753185,2.539,0.0,0.0,0.0,0.0,3,False,2.168404344971009e-19,0.0038267584855551234,25000,False,3834.5549483562354,0.0,13461.41162647726,908.7237500369083,4784.223376488779,True,5
1000,20260726,owner,Envelope retrofit,False,True,-345152.6271558299,-339872.5573205182,-439495.18483769754,-255297.0844628024,0.0,0.0,-480438.1570818012,345152.6271558299,469555.87722362607,0.0,83015.61005763827,1.502,0.0,0.35941579055759837,0.1601274426794818,0.18184013163297805,2,False,2.168404344971009e-19,0.0038267584855551234,25000,False,1610.0724267119658,0.0,5866.401868436078,7921.98887494707,7771.193472089362,True,5
1000,20260726,owner,Reference: no additional intervention,True,True,0.0,0.0,0.0,0.0,0.0,1.0,0.0,0.0,0.0,1.0,0.0,0.0,0.0,1.0,0.5,0.5249999999999999,1,True,2.168404344971009e-19,0.0038267584855551234,25000,False,0.0,0.0,0.0,0.0,0.0,True,5
1000,20260726,tenant,Deep renovation + PV,False,True,1319200.7474459815,1258197.888117803,790907.6067471495,1962808.4483786465,1.0,1.0,645804.9126315332,0.0,0.0,1.0,720316.6903929916,5.361,1.0,1.0,1.0,0.9999999999999999,1,True,0.996173241514445,1.0,25000,False,9339.201288668206,0.0,22606.410616445122,766.9065457541728,0.0,False,5
1000,20260726,tenant,Envelope + heat pump,False,True,745600.4061529365,709420.6806569815,441499.1639149425,1118148.7670396124,1.0,1.0,355608.99168302806,573600.3412930451,934708.819092932,0.0,336318.26425753185,2.539,1.0,1.0,1.0,0.9999999999999999,1,False,0.996173241514445,1.0,25000,False,5318.597514840541,0.0,14298.45268444193,398.27747272350825,37004.045897827484,False,5
1000,20260726,tenant,Envelope retrofit,False,True,371896.98700948554,355145.3980393152,224197.89849908167,552443.9221457862,1.0,1.0,183263.5416498269,947303.760436496,1559641.7760974283,0.0,83015.61005763827,1.502,1.0,1.0,0.8551453980393151,0.9493008893137602,3,False,0.996173241514445,1.0,25000,False,2627.6394876124104,0.0,6613.063712567993,219.1223631122557,69215.95826022304,False,5
1000,20260726,tenant,Reference: no additional intervention,True,True,0.0,0.0,0.0,0.0,0.0,1.0,0.0,1319200.7474459815,2170042.7969339234,0.0,0.0,0.0,0.0,1.0,0.5,0.5249999999999999,4,False,2.168404344971009e-19,0.0038267584855551234,25000,False,0.0,0.0,0.0,0.0,96391.60502050584,False,5
1000,20260726,combined_private,Deep renovation + PV,False,True,-674577.4085912238,-722719.882278169,-1347572.855776166,24990.135628851032,0.112,0.112,-1580447.2413242015,773076.1307270871,1505959.8499359712,0.022,720316.6903929916,5.361,0.112,0.0,0.0,0.0336,4,False,0.09391954090888108,0.1330500236759097,25000,False,2643.8453125668457,0.008199999999999999,29773.61322918418,34291.98096183571,51600.94788784417,False,5
1000,20260726,combined_private,Envelope + heat pump,False,True,-94843.05173650454,-130765.67456516542,-452463.0635066279,290319.8359293697,0.332,0.332,-573268.3583416879,193341.77387236798,534468.4613894426,0.196,336318.26425753185,2.539,0.332,0.2356421888777494,0.3692343254348346,0.31130678000940437,3,False,0.30350363489239063,0.36178215595875596,25000,False,1484.0425664844515,0.01207999999999998,16110.334198168071,15565.737663392094,26471.5128821556,False,5
1000,20260726,combined_private,Envelope retrofit,False,True,26744.35985365562,10469.59168979614,-151273.70897970235,220876.81883688667,0.525,0.525,-203127.63587404718,71754.36228220782,239895.09766678247,0.307,83015.61005763827,1.502,0.525,0.7291631521679371,0.5104695916897961,0.5913714603502067,1,True,0.49401247046123636,0.555796191614486,25000,False,1017.5670609004774,0.008120000000000016,6895.007829025126,10467.801553267287,5227.753084567201,True,5
1000,20260726,combined_private,Reference: no additional intervention,True,True,0.0,0.0,0.0,0.0,0.0,1.0,0.0,98498.72213586344,457252.0255137147,0.475,0.0,0.0,0.0,1.0,0.5,0.5249999999999999,2,True,2.168404344971009e-19,0.0038267584855551234,25000,False,0.0,0.0,0.0,0.0,21710.997489708185,True,5
2500,20260726,owner,Deep renovation + PV,False,True,-1998111.4918449086,-1970981.557180252,-2447586.1915599373,-1590416.4996616277,0.0,0.0,-2662676.959518094,1998111.4918449086,2601914.4974153317,0.0,725185.2604112278,5.3664,0.0,0.0,0.0,0.0,3,False,0.0,0.001534226061782461,25000,False,7649.710793531733,0.0,9602.532942514401,901.8230112171732,1100.232137318235,True,5
2500,20260726,owner,Envelope + heat pump,False,True,-841408.6351335115,-824216.7748780813,-1043246.2631606953,-650485.0678498198,0.0,0.0,-1152267.1004279738,841408.6351335115,1118061.678463602,0.0,338130.1032611671,2.54,0.0,0.0,0.0,0.0,3,False,0.0,0.001534226061782461,25000,False,2869.3777042857837,0.0,4902.099866278353,5113.672916890122,312.6385399498977,True,5
2500,20260726,owner,Envelope retrofit,False,True,-345453.83235013357,-339293.3024274054,-444478.22730968986,-254990.68278522475,0.0,0.0,-486750.39274199505,345453.83235013357,474700.7285738701,0.0,83664.03041798288,1.504,0.0,0.3509994763440066,0.16070669757259462,0.1790971608708104,2,False,0.0,0.001534226061782461,25000,False,1308.8672324083163,0.0,883.3593964437605,1609.753214753233,2626.342121845344,True,5
2500,20260726,owner,Reference: no additional intervention,True,True,0.0,0.0,0.0,0.0,0.0,1.0,0.0,0.0,0.0,1.0,0.0,0.0,0.0,1.0,0.5,0.5249999999999999,1,True,0.0,0.001534226061782461,25000,False,0.0,0.0,0.0,0.0,0.0,True,5
2500,20260726,tenant,Deep renovation + PV,False,True,1325128.4899915357,1251560.294668785,782660.1225170615,1972454.614937708,1.0,1.0,657149.0952613499,0.0,0.0,1.0,725185.2604112278,5.3664,1.0,1.0,1.0,0.9999999999999999,1,True,0.9984657739382173,0.9999999999999999,25000,False,3411.4587431140244,0.0,14358.926386357169,12111.089175570873,0.0,True,5
2500,20260726,tenant,Envelope + heat pump,False,True,748912.5146295151,705894.9854908917,433998.507002268,1124604.5561802436,1.0,1.0,362177.72488079837,576215.9753620205,960044.3499415905,0.0,338130.1032611671,2.54,1.0,1.0,1.0,0.9999999999999999,1,False,0.9984657739382173,0.9999999999999999,25000,False,2006.4890382619342,0.0,6797.7957717674435,6967.0106704938225,11668.515049169073,True,5
2500,20260726,tenant,Envelope retrofit,False,True,373573.0106899623,353014.70850314246,221924.00637627582,555047.3524076442,1.0,1.0,186440.55603836072,951555.4793015734,1612226.6198811005,0.0,83664.03041798288,1.504,1.0,1.0,0.8530147085031424,0.9485551479760997,3,False,0.9984657739382173,0.9999999999999999,25000,False,951.6158071356476,0.0,4339.171589762147,3396.1367516460887,16631.114476550836,True,5
2500,20260726,tenant,Reference: no additional intervention,True,True,0.0,0.0,0.0,0.0,0.0,1.0,0.0,1325128.4899915357,2242422.878985301,0.0,0.0,0.0,0.0,1.0,0.5,0.5249999999999999,4,False,0.0,0.001534226061782461,25000,False,0.0,0.0,0.0,0.0,24011.5229691281,True,5
2500,20260726,combined_private,Deep renovation + PV,False,True,-672983.0018533729,-725247.118517238,-1360607.9860183566,49771.34157280182,0.116,0.116,-1598393.9661066981,775499.66892431,1521652.2784145405,0.022,725185.2604112278,5.3664,0.116,0.0,0.0,0.0348,4,False,0.10403236111306582,0.1291459245023831,25000,False,4238.252050417708,0.004199999999999995,16738.482986993622,16345.25617933902,35908.519409274915,False,5
2500,20260726,combined_private,Envelope + heat pump,False,True,-92496.12050399643,-125644.52703287955,-460153.64200479747,311506.1337797423,0.338,0.338,-578747.1854170526,195012.78757493352,541590.0004733889,0.196,338130.1032611671,2.54,0.338,0.22833708611059655,0.37435547296712046,0.31234239567720096,3,False,0.31971872915856375,0.35677836008545377,25000,False,862.8886660236603,0.006079999999999974,8419.755699998525,10086.910588027444,19349.97379820922,True,5
2500,20260726,combined_private,Envelope retrofit,False,True,28119.17833982874,12652.73770135963,-155300.8739758914,227374.25281086224,0.5332,0.5332,-209619.33708644437,74397.48873110836,240208.63156169804,0.3152,83664.03041798288,1.504,0.5332,0.7205075505514075,0.5126527377013597,0.5915661008884685,1,True,0.5136076199246875,0.5526905074648101,25000,False,357.25142527264325,7.999999999996898e-05,2867.8428328360897,3976.1003408700926,4914.219189651631,True,5
2500,20260726,combined_private,Reference: no additional intervention,True,True,0.0,0.0,0.0,0.0,0.0,1.0,0.0,102516.66707093711,455554.1239979185,0.4668,0.0,0.0,0.0,1.0,0.5,0.5249999999999999,2,True,0.0,0.001534226061782461,25000,False,0.0,0.0,0.0,0.0,23408.899005504383,True,5
5000,20260726,owner,Deep renovation + PV,False,True,-2006280.350368866,-1980435.8895557257,-2455477.701877657,-1591888.7304155545,0.0,0.0,-2679110.5656661014,2006280.350368866,2626869.978162644,0.0,726973.1264728542,5.3774,0.0,0.0,0.0,0.0,3,False,0.0,0.0007677019450571244,25000,False,519.1477304256987,0.0,1711.0226247948594,17335.4291592245,23855.248609994072,True,5
5000,20260726,owner,Envelope + heat pump,False,True,-845324.0354743242,-830904.7119081432,-1047600.5583980472,-657309.6655077905,0.0,0.0,-1157724.6859816767,845324.0354743242,1125392.585637999,0.0,338875.6267006598,2.5478,0.0,0.0,0.0,0.0,3,False,0.0,0.0007677019450571244,25000,False,1046.0226365269627,0.0,547.8046289264457,10571.25847059302,7018.268634447129,True,5
5000,20260726,owner,Envelope retrofit,False,True,-347409.63460550323,-341718.2019333229,-446025.2231989068,-255277.92450747304,0.0,0.0,-490547.08982369635,347409.63460550323,479081.0808124456,0.0,84092.68577302963,1.5094,0.0,0.34593721356840484,0.1582817980666771,0.1764766540722787,2,False,0.0,0.0007677019450571244,25000,False,646.9350229613483,0.0,663.636492773192,2186.9438669480733,1754.0101167301764,True,5
5000,20260726,owner,Reference: no additional intervention,True,True,0.0,0.0,0.0,0.0,0.0,1.0,0.0,0.0,0.0,1.0,0.0,0.0,0.0,1.0,0.5,0.5249999999999999,1,True,0.0,0.0007677019450571244,25000,False,0.0,0.0,0.0,0.0,0.0,True,5
5000,20260726,tenant,Deep renovation + PV,False,True,1321907.7724136307,1245441.9611669802,771115.9331652399,1985188.9904348443,1.0,1.0,646348.024820619,0.0,0.0,1.0,726973.1264728542,5.3774,1.0,1.0,1.0,0.9999999999999999,1,True,0.9992322980549431,1.0,25000,False,6632.176321018953,0.0,2814.737034535501,1310.0187348399777,0.0,True,5
5000,20260726,tenant,Envelope + heat pump,False,True,747131.0273747816,702740.9895465557,429493.34344533604,1130361.8739350082,1.0,1.0,356123.6232235007,574776.7450388491,968037.7653943293,0.0,338875.6267006598,2.5478,1.0,1.0,1.0,0.9999999999999999,1,False,0.9992322980549431,1.0,25000,False,3787.976292995503,0.0,2292.6322148354957,912.9090131961275,3675.0995964301983,True,5
5000,20260726,tenant,Envelope retrofit,False,True,372660.0447435745,351258.39904930786,218287.84949746102,558404.8902163388,1.0,1.0,183388.24830202523,949247.7276700562,1621118.7589280952,0.0,84092.68577302963,1.5094,1.0,1.0,0.8512583990493079,0.9479404396672577,3,False,0.9992322980549431,1.0,25000,False,1864.5817535234382,0.0,703.0147109473473,343.8290153105918,7738.9754295561,True,5
5000,20260726,tenant,Reference: no additional intervention,True,True,0.0,0.0,0.0,0.0,0.0,1.0,0.0,1321907.7724136307,2254871.5570987165,0.0,0.0,0.0,0.0,1.0,0.5,0.5249999999999999,4,False,0.0,0.0007677019450571244,25000,False,0.0,0.0,0.0,0.0,11562.844855712727,True,5
5000,20260726,combined_private,Deep renovation + PV,False,True,-684372.5779552354,-728566.5470089279,-1365874.3272922062,49490.841290486984,0.1148,0.1148,-1620474.6802034646,785990.5058180132,1560254.46422566,0.0224,726973.1264728542,5.3774,0.1148,0.0,0.0,0.03444,4,False,0.10625818190088983,0.12393325567758219,25000,False,7151.324051444768,0.005400000000000002,11472.141713144025,5735.457917427411,2693.6664018447045,True,5
5000,20260726,combined_private,Envelope + heat pump,False,True,-98193.0080995426,-132455.75966146454,-465614.94077854505,310454.61488337535,0.3356,0.3356,-591229.7439281192,199810.93596232036,560304.082717605,0.1904,338875.6267006598,2.5478,0.3356,0.21169367476250775,0.36754424033853544,0.30341327028536513,3,False,0.3226421566062878,0.3488102637932471,25000,False,4833.99892952251,0.008479999999999988,2958.4569262509467,2395.647923039156,635.891553993104,True,5
5000,20260726,combined_private,Envelope retrofit,False,True,25250.410138071322,9934.719690836075,-157926.89819136678,230147.10966371887,0.5294,0.5294,-214026.45490226883,76367.51772470641,243501.7370050179,0.3166,84092.68577302963,1.5094,0.5294,0.7146313934636416,0.5099347196908361,0.5874181396040672,1,True,0.5155476636632895,0.5432071954623411,25000,False,2511.5167764847756,0.0037200000000000566,241.8186173606955,431.01747495436575,1621.1137463317718,True,5
5000,20260726,combined_private,Reference: no additional intervention,True,True,0.0,0.0,0.0,0.0,0.0,1.0,0.0,101617.92786277774,460034.07445988746,0.4706,0.0,0.0,0.0,1.0,0.5,0.5249999999999999,2,True,0.0,0.0007677019450571244,25000,False,0.0,0.0,0.0,0.0,18928.94854353543,True,5
10000,20260726,owner,Deep renovation + PV,False,True,-2006591.9306077259,-1979370.906239395,-2458016.4685533,-1590528.6077594953,0.0,0.0,-2676474.7668404267,2006591.9306077259,2615839.664146097,0.0,727442.5760290235,5.3733,0.0,0.0,0.0,0.0,3,False,0.0,0.00038399837067659573,25000,False,830.7279692855664,0.0,827.7440508482978,14699.630333549809,12824.934593447018,True,5
10000,20260726,owner,Envelope + heat pump,False,True,-844978.0823791609,-830733.9332642971,-1049582.7601407226,-655842.8947634205,0.0,0.0,-1155624.6474137935,844978.0823791609,1124959.8839359889,0.0,338816.12010782544,2.5403,0.0,0.0,0.0,0.0,3,False,0.0,0.00038399837067659573,25000,False,700.0695413636276,0.0,1434.3971137489425,8471.219902709825,6585.56693243701,True,5
10000,20260726,owner,Envelope retrofit,False,True,-346909.522279577,-341501.36195221444,-445387.9235658161,-254618.36054802666,0.0,0.0,-490983.60600917455,346909.522279577,480428.5700760451,0.0,83713.76431860725,1.5028,0.0,0.34535519198776726,0.15849863804778555,0.17634884051244348,2,False,0.0,0.00038399837067659573,25000,False,146.8226970350952,0.0,26.336859682458453,2623.460052426264,3101.499380329682,True,5
10000,20260726,owner,Reference: no additional intervention,True,True,0.0,0.0,0.0,0.0,0.0,1.0,0.0,0.0,0.0,1.0,0.0,0.0,0.0,1.0,0.5,0.5249999999999999,1,True,0.0,0.00038399837067659573,25000,False,0.0,0.0,0.0,0.0,0.0,True,5
10000,20260726,tenant,Deep renovation + PV,False,True,1320776.9292363275,1242063.0178122092,767492.1559713165,1984381.7741220377,1.0,1.0,642917.53834164,0.0,0.0,1.0,727442.5760290235,5.3733,1.0,1.0,1.0,0.9999999999999999,1,True,0.9996160016293234,1.0,25000,False,7763.019498322159,0.0,809.0401593878632,2120.467744139023,0.0,True,5
10000,20260726,tenant,Envelope + heat pump,False,True,746442.750189955,700421.1621291691,426514.1166291501,1131751.9471052457,1.0,1.0,353953.5279392072,574334.1790463725,970570.8395861603,0.0,338816.12010782544,2.5403,1.0,1.0,1.0,0.9999999999999999,1,False,0.9996160016293234,1.0,25000,False,4476.253477822058,0.0,686.594601350429,1257.1862710973364,1142.0254045992624,True,5
10000,20260726,tenant,Envelope retrofit,False,True,372347.58776902524,350254.64924523886,217159.9321133826,558286.7985113,1.0,1.0,182454.39352116644,948429.3414673023,1625591.4236395846,0.0,83713.76431860725,1.5028,1.0,1.0,0.8502546492452389,0.9475891272358334,3,False,0.9996160016293234,1.0,25000,False,2177.0387280727155,0.0,424.9026731310878,590.0257655481983,3266.3107180667575,True,5
10000,20260726,tenant,Reference: no additional intervention,True,True,0.0,0.0,0.0,0.0,0.0,1.0,0.0,1320776.9292363275,2261399.218592416,0.0,0.0,0.0,0.0,1.0,0.5,0.5249999999999999,4,False,0.0,0.00038399837067659573,25000,False,0.0,0.0,0.0,0.0,5035.183362013195,True,5
10000,20260726,combined_private,Deep renovation + PV,False,True,-685815.0013713983,-726218.1454107135,-1371302.7543831323,53761.8460771281,0.1148,0.1148,-1625829.599168383,786930.2398632177,1566012.862753,0.0213,727442.5760290235,5.3733,0.1148,0.0,0.0,0.03444,4,False,0.1086993833637451,0.12119644898102414,25000,False,8593.747467607725,0.005400000000000002,6043.714622217929,11090.376882345881,8452.064929184737,True,5
10000,20260726,combined_private,Envelope + heat pump,False,True,-98535.33218920596,-127113.1143104246,-466506.4899170952,313775.3271781698,0.3365,0.3365,-594212.3561478612,199650.57068102533,563129.4849986233,0.1905,338816.12010782544,2.5403,0.3365,0.20771685846951837,0.3728868856895754,0.3041613104556828,3,False,0.3273032808300025,0.3458222866372087,25000,False,5176.323019185875,0.007579999999999976,2066.9077877007658,5378.26014278119,2189.510727025103,True,5
10000,20260726,combined_private,Envelope retrofit,False,True,25438.06548944825,10716.143332460528,-156904.7524510994,231230.58808087007,0.5299,0.5299,-213787.98515465754,75677.17300237113,242424.1065578852,0.3181,83713.76431860725,1.5028,0.5299,0.7149493531271234,0.5107161433324605,0.5879529237608543,1,True,0.5201081081244103,0.5396689287730232,25000,False,2323.861425107847,0.0032200000000000006,1263.9643576280796,192.54772734307335,2698.7441934644594,True,5
10000,20260726,combined_private,Reference: no additional intervention,True,True,0.0,0.0,0.0,0.0,0.0,1.0,0.0,101115.23849181939,467504.4961466273,0.4701,0.0,0.0,0.0,1.0,0.5,0.5249999999999999,2,True,0.0,0.00038399837067659573,25000,False,0.0,0.0,0.0,0.0,11458.526856795594,True,5
25000,20260726,owner,Deep renovation + PV,False,True,-2005761.2026384403,-1980961.378195782,-2457188.7245024517,-1589796.7161790624,0.0,0.0,-2661775.136506877,2005761.2026384403,2603014.72955265,0.0,726724.9183847888,5.36996,0.0,0.0,0.0,0.0,3,False,0.0,0.00015363474556582426,25000,True,0.0,0.0,0.0,0.0,0.0,,5
25000,20260726,owner,Envelope + heat pump,False,True,-844278.0128377973,-831959.251912276,-1048148.3630269737,-655907.5480183632,0.0,0.0,-1147153.4275110837,844278.0128377973,1118374.3170035519,0.0,338278.9672481325,2.53832,0.0,0.0,0.0,0.0,3,False,0.0,0.00015363474556582426,25000,True,0.0,0.0,0.0,0.0,0.0,,5
25000,20260726,owner,Envelope retrofit,False,True,-346762.6995825419,-341973.6502591047,-445361.5867061336,-254287.88729981572,0.0,0.0,-488360.1459567483,346762.6995825419,477327.07069571543,0.0,83629.71949592167,1.5022,0.0,0.3488531387243356,0.15802634974089533,0.1774078209628308,2,False,0.0,0.00015363474556582426,25000,True,0.0,0.0,0.0,0.0,0.0,,5
25000,20260726,owner,Reference: no additional intervention,True,True,0.0,0.0,0.0,0.0,0.0,1.0,0.0,0.0,0.0,1.0,0.0,0.0,0.0,1.0,0.5,0.5249999999999999,1,True,0.0,0.00015363474556582426,25000,True,0.0,0.0,0.0,0.0,0.0,,5
25000,20260726,tenant,Deep renovation + PV,False,True,1328539.9487346497,1247815.9296476566,768301.1961307044,1997845.031076952,1.0,1.0,645038.006085779,0.0,0.0,1.0,726724.9183847888,5.36996,1.0,1.0,1.0,0.9999999999999999,1,True,0.9998463652544344,1.0,25000,True,0.0,0.0,0.0,0.0,0.0,,5
25000,20260726,tenant,Envelope + heat pump,False,True,750919.003667777,704231.1130682607,427200.71123050054,1138744.9711515794,1.0,1.0,355210.71421030455,577620.9450668724,971712.8649907595,0.0,338278.9672481325,2.53832,1.0,1.0,1.0,0.9999999999999999,1,False,0.9998463652544344,1.0,25000,True,0.0,0.0,0.0,0.0,0.0,,5
25000,20260726,tenant,Envelope retrofit,False,True,374524.62649709795,351853.2305164607,217584.83478651367,562255.4685335547,1.0,1.0,183044.41928671463,954015.3222375516,1628857.7343576513,0.0,83629.71949592167,1.5022,1.0,1.0,0.8518532305164607,0.9481486306807612,3,False,0.9998463652544344,1.0,25000,True,0.0,0.0,0.0,0.0,0.0,,5
25000,20260726,tenant,Reference: no additional intervention,True,True,0.0,0.0,0.0,0.0,0.0,1.0,0.0,1328539.9487346497,2266434.401954429,0.0,0.0,0.0,0.0,1.0,0.5,0.5249999999999999,4,False,0.0,0.00015363474556582426,25000,True,0.0,0.0,0.0,0.0,0.0,,5
25000,20260726,combined_private,Deep renovation + PV,False,True,-677221.2539037906,-717606.945677171,-1377346.4690053503,71315.13461690955,0.1202,0.1202,-1614739.2222860372,781844.5944844595,1557560.7978238154,0.02184,726724.9183847888,5.36996,0.1202,0.0,0.0,0.03606,4,False,0.11622714963222787,0.12428955132050397,25000,True,0.0,0.0,0.0,0.0,0.0,,5
25000,20260726,combined_private,Envelope + heat pump,False,True,-93359.00917002009,-124074.53278939289,-468573.397704796,325634.76372953923,0.34408,0.34408,-588834.09600508,197982.349750689,560939.9742715982,0.19392,338278.9672481325,2.53832,0.34408,0.21488787199322662,0.37592546721060716,0.3100086687213418,3,False,0.3382154711562799,0.3499924383027774,25000,True,0.0,0.0,0.0,0.0,0.0,,5
25000,20260726,combined_private,Envelope retrofit,False,True,27761.926914556097,12482.340443310128,-158168.71680872748,234647.0009531177,0.53312,0.53312,-213595.43742731446,76861.41366611286,245122.85075134967,0.31736,83629.71949592167,1.5022,0.53312,0.7152060834302474,0.5124823404433102,0.5896269483557451,1,True,0.5269310467217388,0.539298776512715,25000,True,0.0,0.0,0.0,0.0,0.0,,5
25000,20260726,combined_private,Reference: no additional intervention,True,True,0.0,0.0,0.0,0.0,0.0,1.0,0.0,104623.34058066894,478963.0230034229,0.46688,0.0,0.0,0.0,1.0,0.5,0.5249999999999999,2,True,0.0,0.00015363474556582426,25000,True,0.0,0.0,0.0,0.0,0.0,,5
1000,20260903,owner,Deep renovation + PV,False,True,-2010662.5698319974,-1971316.0487218935,-2472729.4130347082,-1586602.7280034733,0.0,0.0,-2709806.3156039054,2010662.5698319974,2654452.812334007,0.0,729395.7711130184,5.363,0.0,0.0,0.0,0.0,3,False,2.168404344971009e-19,0.0038267584855551234,25000,False,3940.1774991177954,0.0,10483.20975835668,42486.07613482466,35073.842475170735,False,5
1000,20260903,owner,Envelope + heat pump,False,True,-846896.8957684524,-826950.4692386969,-1051996.8176114166,-656317.0594429803,0.0,0.0,-1171571.6577526443,846896.8957684524,1155554.0774167145,0.0,340164.5060647535,2.532,0.0,0.0,0.0,0.0,3,False,2.168404344971009e-19,0.0038267584855551234,25000,False,2316.931232712115,0.0,2621.734445509268,22672.51057468378,32018.62042257469,False,5
1000,20260903,owner,Envelope retrofit,False,True,-346982.37563743995,-340096.4588424931,-448662.0804924312,-253685.70710845062,0.0,0.0,-494302.73479502223,346982.37563743995,480742.764276306,0.0,83477.64320367476,1.493,0.0,0.34092968693997033,0.15990354115750688,0.175291629834117,2,False,2.168404344971009e-19,0.0038267584855551234,25000,False,39.49039622582495,0.0,1279.7132656880422,4835.524087614089,1668.896394895739,True,5
1000,20260903,owner,Reference: no additional intervention,True,True,0.0,0.0,0.0,0.0,0.0,1.0,0.0,0.0,0.0,1.0,0.0,0.0,0.0,1.0,0.5,0.5249999999999999,1,True,2.168404344971009e-19,0.0038267584855551234,25000,False,0.0,0.0,0.0,0.0,0.0,True,5
1000,20260903,tenant,Deep renovation + PV,False,True,1346040.4568745457,1265996.9281963466,800450.2345005965,2011429.5402151349,1.0,1.0,656420.9211832106,0.0,0.0,1.0,729395.7711130184,5.363,1.0,1.0,1.0,0.9999999999999999,1,True,0.996173241514445,1.0,25000,False,10867.474158247001,0.0,35255.50682221062,15796.876557300217,0.0,False,5
1000,20260903,tenant,Envelope + heat pump,False,True,761041.4103335558,714317.7101171308,443998.36723873584,1148134.3314375044,1.0,1.0,361498.3883168458,584999.0465409897,996875.4395093266,0.0,340164.5060647535,2.532,1.0,1.0,1.0,0.9999999999999999,1,False,0.996173241514445,1.0,25000,False,6251.363636037102,0.0,19211.56831369229,8883.362432363327,17039.00325673027,True,5
1000,20260903,tenant,Envelope retrofit,False,True,379428.36723502504,357623.28759488923,226502.5278665296,565886.76273142,1.0,1.0,186267.2506155361,966612.0896395204,1670707.952320664,0.0,83477.64320367476,1.493,1.0,1.0,0.8576232875948893,0.9501681506582111,3,False,0.996173241514445,1.0,25000,False,3049.5729418246774,0.0,9856.904531006381,4454.541219879378,27710.68791392329,True,5
1000,20260903,tenant,Reference: no additional intervention,True,True,0.0,0.0,0.0,0.0,0.0,1.0,0.0,1346040.4568745457,2324143.678332412,0.0,0.0,0.0,0.0,1.0,0.5,0.5249999999999999,4,False,2.168404344971009e-19,0.0038267584855551234,25000,False,0.0,0.0,0.0,0.0,38619.654589646496,False,5
1000,20260903,combined_private,Deep renovation + PV,False,True,-664622.1129574517,-700246.3825022107,-1383789.9291279349,56182.7069815984,0.118,0.118,-1623256.2850876057,776271.7260794778,1570309.3040237906,0.035,729395.7711130184,5.363,0.118,0.0,0.0,0.035399999999999994,4,False,0.09945155840122327,0.13947208508174083,25000,False,6927.29665912909,0.0069200000000000095,2948.846288995119,3156.0605272392277,5045.63135277573,True,5
1000,20260903,combined_private,Envelope + heat pump,False,True,-85855.48543489665,-116286.50776580661,-482185.45006905,314372.9739052815,0.347,0.347,-589704.6267798817,197505.09855692266,566478.2182044066,0.184,340164.5060647535,2.532,0.347,0.21372716429349112,0.3837134922341934,0.31320422978468954,3,False,0.3181329587536671,0.37703802934291275,25000,False,3934.432403325016,0.00015999999999999348,7515.507505433983,1375.36991804454,1754.825222094194,True,5
1000,20260903,combined_private,Envelope retrofit,False,True,32445.99159758508,9570.746596624238,-155354.49984096133,239591.22046201836,0.529,0.529,-209466.20679974766,79203.62152444097,251846.1336914148,0.31,83477.64320367476,1.493,0.529,0.7207117242670031,0.5095707465966243,0.5892988648022696,1,True,0.49801049370900147,0.5597675542988364,25000,False,3010.0825455987797,0.0023999999999999577,4076.63338336593,4860.702246499626,3146.7090797984856,True,5
1000,20260903,combined_private,Reference: no additional intervention,True,True,0.0,0.0,0.0,0.0,0.0,1.0,0.0,111649.61312202604,499153.96087342605,0.471,0.0,0.0,0.0,1.0,0.5,0.5249999999999999,2,True,2.168404344971009e-19,0.0038267584855551234,25000,False,0.0,0.0,0.0,0.0,534.5295915746246,True,5
2500,20260903,owner,Deep renovation + PV,False,True,-2019965.8388849797,-1990929.8668468148,-2477297.351748847,-1607142.8664818173,0.0,0.0,-2688004.304010615,2019965.8388849797,2648176.31428355,0.0,733217.4514235347,5.37,0.0,0.0,0.0,0.0,3,False,0.0,0.001534226061782461,25000,False,13243.446552100126,0.0,15051.148472495377,20684.06454153452,28797.344424713403,False,5
2500,20260903,owner,Envelope + heat pump,False,True,-850443.3538261468,-835751.9302758973,-1054088.0565304563,-662192.9342319263,0.0,0.0,-1158310.3497682186,850443.3538261468,1136495.1637316355,0.0,341209.2581534433,2.534,0.0,0.0,0.0,0.0,3,False,0.0,0.001534226061782461,25000,False,5863.389290406485,0.0,4712.9733645489905,9411.202590258094,12959.706737495726,True,5
2500,20260903,owner,Envelope retrofit,False,True,-348765.7776079772,-344325.0563551013,-451860.33802546124,-253965.27371714814,0.0,0.0,-493655.42037467216,348765.7776079772,483082.4673323546,0.0,84020.71718205974,1.4972,0.0,0.34179277283377046,0.1556749436448987,0.17411370076753419,2,False,0.0,0.001534226061782461,25000,False,1822.892366763088,0.0,4477.970798718103,4188.209667264018,4008.5994509442826,True,5
2500,20260903,owner,Reference: no additional intervention,True,True,0.0,0.0,0.0,0.0,0.0,1.0,0.0,0.0,0.0,1.0,0.0,0.0,0.0,1.0,0.5,0.5249999999999999,1,True,0.0,0.001534226061782461,25000,False,0.0,0.0,0.0,0.0,0.0,True,5
2500,20260903,tenant,Deep renovation + PV,False,True,1332406.8141403517,1249686.695523805,774904.6818312095,2005205.2465100777,1.0,1.0,642592.1350607731,0.0,0.0,1.0,733217.4514235347,5.37,1.0,1.0,1.0,0.9999999999999999,1,True,0.9984657739382173,0.9999999999999999,25000,False,2766.16857594694,0.0,9709.954152823542,1968.0904348627664,0.0,True,5
2500,20260903,tenant,Envelope + heat pump,False,True,753146.449518577,705687.7750925578,429948.1029648112,1143756.4704771426,1.0,1.0,353513.5695655943,579260.3646217748,998735.4730476984,0.0,341209.2581534433,2.534,1.0,1.0,1.0,0.9999999999999999,1,False,0.9984657739382173,0.9999999999999999,25000,False,1643.597178941709,0.0,5161.304039767652,898.543681111827,18899.03679510206,True,5
2500,20260903,tenant,Envelope retrofit,False,True,375609.3276603084,352378.1285246492,219186.3944045906,563826.7538838491,1.0,1.0,182396.58601198375,956797.4864800434,1674414.8914622082,0.0,84020.71718205974,1.4972,1.0,1.0,0.8523781285246492,0.9483323449836272,3,False,0.9984657739382173,0.9999999999999999,25000,False,769.4666328919702,0.0,2540.771069067385,583.8766163270338,31417.627055467572,False,5
2500,20260903,tenant,Reference: no additional intervention,True,True,0.0,0.0,0.0,0.0,0.0,1.0,0.0,1332406.8141403517,2329232.9297782704,0.0,0.0,0.0,0.0,1.0,0.5,0.5249999999999999,4,False,0.0,0.001534226061782461,25000,False,0.0,0.0,0.0,0.0,43708.90603550477,False,5
2500,20260903,combined_private,Deep renovation + PV,False,True,-687559.0247446276,-730066.3807056502,-1404468.542108155,76044.9658137107,0.1184,0.1184,-1642650.9353978797,795176.3323311958,1605250.1237012434,0.0252,733217.4514235347,5.37,0.1184,0.0,0.0,0.03552,4,False,0.10631709495349694,0.13165382637685547,25000,False,16009.615128046833,0.006519999999999998,23627.459269215353,22550.71083751321,39986.45103022852,False,5
2500,20260903,combined_private,Envelope + heat pump,False,True,-97296.90430756971,-127123.29174850075,-486893.35724128695,321231.9285623635,0.3384,0.3384,-598374.282354232,204914.21189413796,573810.982272515,0.1816,341209.2581534433,2.534,0.3384,0.2021676235276906,0.3728767082514992,0.3027855161227164,3,False,0.32011276579478337,0.35718309606838466,25000,False,7506.986469348049,0.008440000000000003,12223.414677670924,7294.285656305845,9087.589290202595,True,5
2500,20260903,combined_private,Envelope retrofit,False,True,26843.55005233124,9445.19002922811,-161456.749131553,234087.2341371441,0.5248,0.5248,-215649.95032249502,80773.75753423701,250149.11682690537,0.318,84020.71718205974,1.4972,0.5248,0.71246673290334,0.5094451900292281,0.5851091730263988,1,True,0.5052014207110802,0.5443224816762555,25000,False,2592.358999655062,0.006599999999999939,2025.6159072257287,1323.0412762477354,1449.6922152890475,True,5
2500,20260903,combined_private,Reference: no additional intervention,True,True,0.0,0.0,0.0,0.0,0.0,1.0,0.0,107617.30758656826,500152.70683042845,0.4752,0.0,0.0,0.0,1.0,0.5,0.5249999999999999,2,True,0.0,0.001534226061782461,25000,False,0.0,0.0,0.0,0.0,1533.2755485770176,True,5
5000,20260903,owner,Deep renovation + PV,False,True,-2018342.6211223686,-1989345.00223339,-2479701.2882560235,-1594292.9461132367,0.0,0.0,-2686094.5863129618,2018342.6211223686,2651326.3967374987,0.0,731494.8789416882,5.3804,0.0,0.0,0.0,0.0,3,False,0.0,0.0007677019450571244,25000,False,11620.228789489018,0.0,17455.084979671985,18774.346843881067,31947.426878662314,False,5
5000,20260903,owner,Envelope + heat pump,False,True,-849790.3801554489,-835816.5130264277,-1055088.290987829,-656906.8232728784,0.0,0.0,-1158219.0679330362,849790.3801554489,1134829.1445460415,0.0,340321.61387865106,2.5452,0.0,0.0,0.0,0.0,3,False,0.0,0.0007677019450571244,25000,False,5210.415619708598,0.0,5713.207821921678,9319.920755075756,11293.687551901676,True,5
5000,20260903,owner,Envelope retrofit,False,True,-349621.05193828256,-344049.4385131007,-451319.679861971,-254551.61497977385,0.0,0.0,-493278.39788969693,349621.05193828256,483063.58894028247,0.0,84757.97093098979,1.5098,0.0,0.34229546948040407,0.15595056148689934,0.17438611083855618,2,False,0.0,0.0007677019450571244,25000,False,2678.166697068431,0.0,3937.312635227863,3811.1871822887915,3989.721058872179,True,5
5000,20260903,owner,Reference: no additional intervention,True,True,0.0,0.0,0.0,0.0,0.0,1.0,0.0,0.0,0.0,1.0,0.0,0.0,0.0,1.0,0.5,0.5249999999999999,1,True,0.0,0.0007677019450571244,25000,False,0.0,0.0,0.0,0.0,0.0,True,5
5000,20260903,tenant,Deep renovation + PV,False,True,1333896.0284761568,1252176.6318865023,771877.6255995998,2011029.2529485873,1.0,1.0,644151.0789487469,0.0,0.0,1.0,731494.8789416882,5.3804,1.0,1.0,1.0,0.9999999999999999,1,True,0.9992322980549431,1.0,25000,False,1276.9542401419021,0.0,6682.89792121388,3527.0343228365527,0.0,True,5
5000,20260903,tenant,Envelope + heat pump,False,True,754025.8182410258,707169.5690579602,428292.74467829755,1146086.0753668451,1.0,1.0,354574.71264667535,579870.2102351312,982171.9803133574,0.0,340321.61387865106,2.5452,1.0,1.0,1.0,0.9999999999999999,1,False,0.9992322980549431,1.0,25000,False,764.228456492885,0.0,3505.9457532539964,1959.6867621928686,2335.544060761109,True,5
5000,20260903,tenant,Envelope retrofit,False,True,376024.29162172973,353100.9525234569,218760.17039978984,565720.9512654395,1.0,1.0,182815.7339691286,957871.7368544271,1646017.6695714039,0.0,84757.97093098979,1.5098,1.0,1.0,0.8531009525234569,0.9485853333832097,3,False,0.9992322980549431,1.0,25000,False,354.5026714706328,0.0,2114.5470642666332,1003.0245734718919,3020.4051646632142,True,5
5000,20260903,tenant,Reference: no additional intervention,True,True,0.0,0.0,0.0,0.0,0.0,1.0,0.0,1333896.0284761568,2289850.1392333247,0.0,0.0,0.0,0.0,1.0,0.5,0.5249999999999999,4,False,0.0,0.0007677019450571244,25000,False,0.0,0.0,0.0,0.0,4326.115490559023,True,5
5000,20260903,combined_private,Deep renovation + PV,False,True,-684446.592646212,-726680.6113234462,-1387492.758982002,75188.50247108792,0.1192,0.1192,-1630034.9930589313,790256.5076564478,1586719.0095247729,0.0256,731494.8789416882,5.3804,0.1192,0.0,0.0,0.03576,4,False,0.11050971686933804,0.1284749649320175,25000,False,12897.183029631153,0.005720000000000003,6651.676143062301,9934.768498564838,21455.336853757966,False,5
5000,20260903,combined_private,Envelope + heat pump,False,True,-95764.56191442325,-126983.35785066051,-477097.2159601697,323189.79528655607,0.3414,0.3414,-592604.2565245185,201574.47692465913,571077.745570834,0.1836,340321.61387865106,2.5452,0.3414,0.20986099130064204,0.3730166421493395,0.30642717170749356,3,False,0.3283829003809966,0.35466061467597554,25000,False,5974.6440762015845,0.00544,2427.2733965536463,1524.2598265922861,6354.352588521666,True,5
5000,20260903,combined_private,Envelope retrofit,False,True,26403.239683447184,9064.63153855404,-161404.6771771262,233900.73325604625,0.5236,0.5236,-214915.5243702802,79406.67532678871,248701.3402009501,0.3144,84757.97093098979,1.5098,0.5236,0.7134459675062931,0.5090646315385541,0.5849587096656965,1,True,0.5097435934944293,0.5374201709737639,25000,False,3032.6693685391183,0.007800000000000029,1973.5439527989365,588.6153240329295,1.9155893337738235,True,5
5000,20260903,combined_private,Reference: no additional intervention,True,True,0.0,0.0,0.0,0.0,0.0,1.0,0.0,105809.91501023591,489553.8937315299,0.4764,0.0,0.0,0.0,1.0,0.5,0.5249999999999999,2,True,0.0,0.0007677019450571244,25000,False,0.0,0.0,0.0,0.0,9065.537550321547,True,5
10000,20260903,owner,Deep renovation + PV,False,True,-2011228.9398632604,-1985020.3390716324,-2469477.130506429,-1590226.5552499176,0.0,0.0,-2668680.5275002345,2011228.9398632604,2622146.52267359,0.0,729916.1635883122,5.3811,0.0,0.0,0.0,0.0,3,False,0.0,0.00038399837067659573,25000,False,4506.547530380776,0.0,7230.92723007733,1360.2880311538465,2767.552814753726,True,5
10000,20260903,owner,Envelope + heat pump,False,True,-846486.5460597508,-834998.047605963,-1051524.5384905841,-654976.9269080226,0.0,0.0,-1150437.7122612607,846486.5460597508,1125719.4672820475,0.0,339408.6189015733,2.5431,0.0,0.0,0.0,0.0,3,False,0.0,0.00038399837067659573,25000,False,1906.5815240105148,0.0,2149.455324676819,1538.5650833002292,2184.010287907673,True,5
10000,20260903,owner,Envelope retrofit,False,True,-348004.8485045993,-343072.5539390653,-448639.89356603706,-253404.45278053236,0.0,0.0,-490050.5465558566,348004.8485045993,479470.9059018464,0.0,84354.93525833795,1.5071,0.0,0.34659927125885787,0.1569274460609347,0.1762343510619274,2,False,0.0,0.00038399837067659573,25000,False,1061.9632633851725,0.0,1257.5263392939232,583.3358484484488,397.03802043612814,True,5
10000,20260903,owner,Reference: no additional intervention,True,True,0.0,0.0,0.0,0.0,0.0,1.0,0.0,0.0,0.0,1.0,0.0,0.0,0.0,1.0,0.5,0.5249999999999999,1,True,0.0,0.00038399837067659573,25000,False,0.0,0.0,0.0,0.0,0.0,True,5
10000,20260903,tenant,Deep renovation + PV,False,True,1330700.2628738112,1249109.9391032232,766554.9353994447,2005893.4787191658,1.0,1.0,640023.48351485,0.0,0.0,1.0,729916.1635883122,5.3811,1.0,1.0,1.0,0.9999999999999999,1,True,0.9996160016293234,1.0,25000,False,4472.7198424874805,0.0,1360.207721058745,600.5611110603204,0.0,True,5
10000,20260903,tenant,Envelope + heat pump,False,True,752197.2773934875,704694.7028015467,425335.1064556908,1143744.0322692222,1.0,1.0,352350.09131685225,578502.9854803236,973587.8193907326,0.0,339408.6189015733,2.5431,1.0,1.0,1.0,0.9999999999999999,1,False,0.9996160016293234,1.0,25000,False,2592.769304031157,0.0,548.3075306472601,264.9345676302328,6248.61686186376,True,5
10000,20260903,tenant,Envelope retrofit,False,True,375126.25103348296,352300.7547914786,217226.04765472503,564195.3230165639,1.0,1.0,181633.87114009453,955574.0118403282,1632460.4910451416,0.0,84354.93525833795,1.5071,1.0,1.0,0.8523007547914786,0.9483052641770173,3,False,0.9996160016293234,1.0,25000,False,1252.5432597174076,0.0,580.4243192018184,178.83825556217926,10536.773361599073,True,5
10000,20260903,tenant,Reference: no additional intervention,True,True,0.0,0.0,0.0,0.0,0.0,1.0,0.0,1330700.2628738112,2271035.543956205,0.0,0.0,0.0,0.0,1.0,0.5,0.5249999999999999,4,False,0.0,0.00038399837067659573,25000,False,0.0,0.0,0.0,0.0,14488.47978656087,True,5
10000,20260903,combined_private,Deep renovation + PV,False,True,-680528.6769894491,-726385.4871375031,-1391350.7948286007,82026.36693487447,0.1216,0.1216,-1629226.7977423056,787210.7161789512,1577143.082761,0.0243,729916.1635883122,5.3811,0.1216,0.0,0.0,0.03648,4,False,0.11533926873125769,0.12815134123567035,25000,False,8979.267372868257,0.0033200000000000035,10509.71198966098,9126.573181939078,11879.410089985002,True,5
10000,20260903,combined_private,Envelope + heat pump,False,True,-94289.26866626336,-127911.07523304394,-479675.96590730484,329167.8918374216,0.3399,0.3399,-593278.7039127677,200971.30785576554,566302.4253555343,0.1919,339408.6189015733,2.5431,0.3399,0.20896172811630973,0.3720889247669561,0.305337728509143,3,False,0.33067919813078656,0.3492437581475039,25000,False,4499.350828041701,0.006940000000000002,5006.023343688808,2198.7072148415027,1579.0323732219404,True,5
10000,20260903,combined_private,Envelope retrofit,False,True,27121.402528883726,9619.275831872095,-162011.48671735486,236578.98051350669,0.5248,0.5248,-215930.96699959796,79560.63666061845,249611.27899139855,0.3086,84354.93525833795,1.5071,0.5248,0.712092044000536,0.509619275831872,0.5850389619413427,1,True,0.515004593691615,0.5345763599891995,25000,False,2314.5065231025765,0.006599999999999939,2580.353493027593,1604.0579533506825,911.8543797822203,True,5
10000,20260903,combined_private,Reference: no additional intervention,True,True,0.0,0.0,0.0,0.0,0.0,1.0,0.0,106682.03918950217,488831.91752213764,0.4752,0.0,0.0,0.0,1.0,0.5,0.5249999999999999,2,True,0.0,0.00038399837067659573,25000,False,0.0,0.0,0.0,0.0,9787.513759713795,True,5
25000,20260903,owner,Deep renovation + PV,False,True,-2006722.3923328796,-1981768.0218887557,-2462246.2032763516,-1585231.7698102393,0.0,0.0,-2667320.2394690807,2006722.3923328796,2619378.9698588364,0.0,727390.215540031,5.3736,0.0,0.0,0.0,0.0,3,False,0.0,0.00015363474556582426,25000,True,0.0,0.0,0.0,0.0,0.0,,5
25000,20260903,owner,Envelope + heat pump,False,True,-844579.9645357403,-832695.0571090897,-1049375.0831659073,-653556.8650247455,0.0,0.0,-1148899.1471779605,844579.9645357403,1123535.4569941398,0.0,338330.5194963846,2.53728,0.0,0.0,0.0,0.0,3,False,0.0,0.00015363474556582426,25000,True,0.0,0.0,0.0,0.0,0.0,,5
25000,20260903,owner,Envelope retrofit,False,True,-346942.8852412141,-342309.8250632917,-447382.36722674314,-252812.7040869158,0.0,0.0,-489467.21070740814,346942.8852412141,479073.8678814103,0.0,83701.23907467928,1.50088,0.0,0.34737705239012245,0.15769017493670828,0.17677352956439074,2,False,0.0,0.00015363474556582426,25000,True,0.0,0.0,0.0,0.0,0.0,,5
25000,20260903,owner,Reference: no additional intervention,True,True,0.0,0.0,0.0,0.0,0.0,1.0,0.0,0.0,0.0,1.0,0.0,0.0,0.0,1.0,0.5,0.5249999999999999,1,True,0.0,0.00015363474556582426,25000,True,0.0,0.0,0.0,0.0,0.0,,5
25000,20260903,tenant,Deep renovation + PV,False,True,1335172.9827162987,1251787.210739945,765194.7276783859,2015143.1114985084,1.0,1.0,640624.0446259103,0.0,0.0,1.0,727390.215540031,5.3736,1.0,1.0,1.0,0.9999999999999999,1,True,0.9998463652544344,1.0,25000,True,0.0,0.0,0.0,0.0,0.0,,5
25000,20260903,tenant,Envelope + heat pump,False,True,754790.0466975187,706512.2803000268,424786.79892504355,1148304.4030568423,1.0,1.0,352615.0258844825,580382.9360187801,979836.4362525963,0.0,338330.5194963846,2.53728,1.0,1.0,1.0,0.9999999999999999,1,False,0.9998463652544344,1.0,25000,True,0.0,0.0,0.0,0.0,0.0,,5
25000,20260903,tenant,Envelope retrofit,False,True,376378.79429320036,353051.9695935277,216645.6233355232,566809.780979153,1.0,1.0,181812.7093956567,958794.1884230984,1642997.2644067407,0.0,83701.23907467928,1.50088,1.0,1.0,0.8530519695935277,0.9485681893577346,3,False,0.9998463652544344,1.0,25000,True,0.0,0.0,0.0,0.0,0.0,,5
25000,20260903,tenant,Reference: no additional intervention,True,True,0.0,0.0,0.0,0.0,0.0,1.0,0.0,1335172.9827162987,2285524.0237427657,0.0,0.0,0.0,0.0,1.0,0.5,0.5249999999999999,4,False,0.0,0.00015363474556582426,25000,True,0.0,0.0,0.0,0.0,0.0,,5
25000,20260903,combined_private,Deep renovation + PV,False,True,-671549.4096165808,-717129.0039393916,-1380841.0828389397,96086.65995248046,0.12492,0.12492,-1620100.2245603665,780119.8777334727,1565263.672671015,0.02468,727390.215540031,5.3736,0.12492,0.0,0.0,0.037476,4,False,0.12087910096325817,0.12907614967747552,25000,True,0.0,0.0,0.0,0.0,0.0,,5
25000,20260903,combined_private,Envelope + heat pump,False,True,-89789.91783822166,-123287.6727907575,-474669.94256361603,337279.78521853185,0.34684,0.34684,-591079.9966979262,198360.38595511368,564723.3929823124,0.19532,338330.5194963846,2.53728,0.34684,0.21189333773609842,0.3767123272092425,0.3100639827308693,3,False,0.3409639308437387,0.35276313055152303,25000,True,0.0,0.0,0.0,0.0,0.0,,5
25000,20260903,combined_private,Envelope retrofit,False,True,29435.909051986302,11823.688354341084,-159431.13322432726,239658.0106855123,0.5314,0.5314,-214326.90904624728,79134.55906490568,248699.42461161633,0.3114,83701.23907467928,1.50088,0.5314,0.7142307879383369,0.5118236883543411,0.5885390667024373,1,True,0.525209932789695,0.5375804189482835,25000,True,0.0,0.0,0.0,0.0,0.0,,5
25000,20260903,combined_private,Reference: no additional intervention,True,True,0.0,0.0,0.0,0.0,0.0,1.0,0.0,108570.46811689199,498619.43128185143,0.4686,0.0,0.0,0.0,1.0,0.5,0.5249999999999999,2,True,0.0,0.00015363474556582426,25000,True,0.0,0.0,0.0,0.0,0.0,,5
